Pasport_raqami,Ism,Yosh,Jins,Telefon,Credit_Class
AW832772,Kimberly,58,Erkak,(724)877-2943,A
MW059038,Gregory,65,Ayol,001-258-839-4035,B
GC592470,Yvonne,32,Erkak,+1-923-441-1075,A
GH156852,Carl,61,Erkak,870-432-2319x3192,E
MC059800,Lisa,45,Erkak,001-803-407-4864x84080,A
QO367620,Robert,23,Erkak,607-563-3073x8228,B
PO234137,Wendy,50,Erkak,(864)371-6916x49446,E
JT842975,Holly,30,Ayol,448.811.9805x176,B
OU427050,Javier,46,Ayol,(317)376-1608,A
DK385493,Karina,66,Erkak,+1-842-833-8537x363,D
KS808564,Patrick,39,Ayol,001-966-436-4526x765,B
UC662954,Claudia,31,Ayol,7093827632,A
LU345684,Danielle,23,Ayol,+1-832-914-9686,A
NE494349,Brenda,40,Ayol,465.371.0881x72579,E
EZ844890,Rebecca,34,Erkak,328-663-4473x65624,D
WR893616,Amy,52,Erkak,8978011332,D
FB007691,Christopher,23,Ayol,601.607.3192,E
YI042711,Lisa,41,Erkak,213.964.7837x78749,A
SN922167,John,20,Erkak,248-631-1695,C
TE898493,John,23,Erkak,001-750-311-2541x3245,A
EA553610,Vanessa,42,Ayol,659.921.0094,D
MA856786,Tony,58,Ayol,971.611.8524,B
SD749941,Barbara,41,Ayol,001-603-683-4046x60335,B
YQ888526,Colleen,60,Ayol,348.202.2371,A
UD195961,Sarah,56,Erkak,9506356630,E
BG383782,Allison,64,Erkak,802.834.0890x36587,B
BP015785,Allison,47,Ayol,+1-504-422-9464,C
KQ908481,Andrea,58,Erkak,765-935-9176,C
LA042722,Tanya,67,Erkak,635-307-8780,B
QF963275,Terri,70,Erkak,3909468268,C
KY263445,Katie,43,Ayol,776-398-5796x1965,A
VE015400,Michelle,31,Ayol,(504)609-1671,B
TY985744,Bryan,59,Ayol,(303)743-1043x62745,D
CB994275,Melissa,59,Ayol,807.201.7937,B
AZ730971,Daniel,34,Erkak,+1-310-588-8933x803,B
KT465665,Michael,65,Ayol,(982)664-4242x7701,E
FS299021,Jessica,45,Ayol,914-586-5052x558,C
KQ354540,Natalie,32,Erkak,4428884829,E
LP447348,Mary,49,Erkak,001-287-804-0172x387,A
RW791626,Christina,25,Erkak,(278)651-7857x18928,B
HS145569,Mary,68,Ayol,649-308-7428x2489,E
WG801319,Emily,22,Ayol,(346)584-4654,D
DI233390,Carrie,56,Ayol,(811)546-3530,E
AY992652,Mark,34,Erkak,001-997-224-1515x3649,A
AZ550325,William,61,Ayol,001-295-830-4233x71672,C
SJ936427,Cheryl,25,Ayol,(584)985-2082,D
FY105899,Jeremy,28,Ayol,+1-916-488-9498x945,A
AS468305,Kristin,64,Ayol,(446)640-8659x868,E
LQ891341,Suzanne,66,Erkak,530-787-1790,E
HP283314,Donald,24,Ayol,001-531-733-9880,E
YK764743,Tyrone,56,Erkak,001-597-469-1462x24559,B
CM441400,Natalie,41,Erkak,2005456323,E
XT909524,Jessica,67,Erkak,8294907810,E
WH420541,Jordan,38,Ayol,542.363.0404,A
PV666036,Mark,25,Ayol,(964)250-9555x802,C
MT346340,Matthew,33,Erkak,(538)724-5123x0616,B
QY623121,Jonathan,54,Erkak,526.775.4245,A
SG489945,Keith,64,Ayol,286-244-1529x6268,A
IB832939,Thomas,66,Erkak,001-857-281-7474x14082,B
ZK356229,Michael,60,Ayol,881.717.4265x01979,E
OT013660,Sherri,28,Ayol,001-461-567-4519x82906,E
PD476101,Matthew,56,Ayol,(740)448-0418x30008,B
TI093728,Alejandro,52,Erkak,+1-777-698-9946x2335,C
KO445852,Joseph,43,Ayol,574-929-2935x16560,D
VL615351,Jesse,51,Ayol,+1-332-593-4339x157,A
RZ430657,Sharon,33,Erkak,906-729-7488,A
GJ186185,Holly,39,Erkak,761.972.4577,E
UM238822,Theresa,53,Erkak,822.708.4345,E
GE081803,Ryan,32,Erkak,001-453-806-4010,A
ZG655356,Michael,63,Erkak,250-765-9944x52588,B
LP711741,Jennifer,22,Erkak,(212)244-5531x63660,C
CE611512,Raven,22,Erkak,8859813510,C
VD007186,Christine,60,Ayol,001-651-994-0647,B
VU442207,Molly,52,Erkak,430.563.3755x9014,E
OT965060,Robert,54,Ayol,(999)954-9562x5833,B
AT736436,Jonathan,68,Ayol,882.211.9282x4870,D
LG739730,Patricia,30,Erkak,001-694-998-4867x57740,A
DC865485,Jennifer,60,Ayol,001-402-344-3098x809,C
HA797763,Amanda,45,Ayol,533.275.5623x781,D
DR438326,Elizabeth,64,Erkak,(484)347-1526x795,A
FW275267,Shannon,21,Ayol,2026554282,C
SQ802246,Sarah,69,Erkak,(964)815-4755,B
MU254611,Jack,30,Erkak,+1-411-556-3672x756,E
CN045199,Robert,46,Erkak,+1-284-330-4922,D
TZ421951,Makayla,29,Ayol,(782)258-2961x17679,D
IQ549082,Hannah,33,Erkak,(218)713-9630x2300,D
NZ312027,Sonya,69,Erkak,(968)266-4073x23103,A
NB493107,William,59,Erkak,+1-240-450-0028x92183,A
RB777901,Brad,66,Erkak,(382)816-8248,B
SO291612,Brendan,44,Ayol,001-893-248-3304,D
JY050669,Robert,31,Ayol,(405)873-0850x2366,A
FD657987,Troy,28,Ayol,758-226-5613x53012,A
QM332544,Bill,42,Ayol,479-768-2124x356,D
HT365532,Lauren,36,Ayol,001-948-994-1987x72430,E
MD626630,Elizabeth,60,Ayol,888-957-9409x07702,B
XK679760,Amanda,30,Ayol,(540)741-2789x455,B
UG900972,Kimberly,21,Erkak,605-834-8316x3320,C
ZR148249,Nicholas,21,Erkak,(918)904-2747x9346,E
GR858246,Jeffrey,48,Erkak,(377)908-2972x84684,A
GD421266,Sharon,50,Erkak,(812)214-7138x036,B
EM600219,Nicole,22,Erkak,230.432.8200x0937,B
LC559019,Christopher,43,Erkak,367-830-0530x251,E
AK174351,David,33,Erkak,7727310244,E
LY095509,Kevin,23,Ayol,001-315-872-4182x58736,E
JR230589,Janice,54,Ayol,+1-925-718-1451x448,C
BZ450935,Samantha,31,Ayol,462-424-3685x20131,B
AJ180435,Danielle,34,Ayol,864.859.9028,B
MK554500,Michael,60,Ayol,(933)350-6387,D
MO354300,Andre,38,Erkak,001-868-876-3450x908,A
SM019475,Michael,47,Erkak,472-667-3049,A
KF035543,Jacob,52,Erkak,+1-639-626-6940x573,E
DS677385,Timothy,34,Erkak,975.427.5357x27619,C
RA578184,Deborah,22,Erkak,450-363-9943x26224,C
XF390643,Laurie,36,Erkak,(933)343-5588x757,D
WQ468958,Mark,52,Ayol,(809)434-1791x0851,E
YY423564,George,69,Erkak,(960)525-2679x6908,E
FI081535,Laura,37,Erkak,(480)599-0750,B
AJ358081,Lisa,34,Erkak,+1-633-341-1371x687,A
KW658864,Tiffany,65,Erkak,257.239.3869x833,C
CO313678,Brandon,36,Erkak,310.476.6083,C
DR641175,Carolyn,31,Ayol,+1-955-814-0964x587,E
YO393437,Jacqueline,49,Ayol,+1-752-611-5161x167,A
BC766179,Christopher,23,Ayol,296-784-8957,C
JW443837,Rachael,20,Erkak,489-523-4397x106,C
NV314192,Heather,67,Erkak,+1-893-247-4240x19099,C
MY050823,Cassidy,28,Ayol,8785758383,E
QF098491,Alicia,63,Ayol,705.578.0976x2825,E
GM934687,William,18,Erkak,7414991879,A
ZA037229,Larry,62,Erkak,(451)659-5545,E
PE691618,Jason,20,Ayol,938-922-8343,E
RR124784,Veronica,53,Erkak,591.325.4050,D
YO707286,Melissa,26,Erkak,610-356-1854,C
HW853704,Bruce,41,Erkak,449-452-3256x7916,C
CO741381,Michelle,31,Erkak,6666114407,A
ET367134,Tony,40,Ayol,315-680-3816x2171,E
BU204910,Jeffery,65,Erkak,992-704-5849x79434,B
IS847907,Lindsay,28,Erkak,734-294-0742,D
TA731031,Christopher,19,Erkak,260-676-9108x49760,C
CV106095,Bill,68,Ayol,(944)390-4530x12953,B
VH062064,Samantha,35,Erkak,3927935674,A
GP305978,Patrick,42,Erkak,001-748-350-4889x090,D
MG537730,William,32,Erkak,001-743-466-2407,D
TH513400,James,40,Ayol,267.365.8552,B
VL826215,Destiny,32,Erkak,440-297-3445x8376,B
LI671833,Leah,43,Ayol,(654)327-8040,C
NS621820,Linda,22,Ayol,551-575-9732x33420,C
SR647582,Angela,59,Ayol,519.890.6509x91853,E
KI866163,Heather,39,Erkak,001-547-640-8364x0811,A
ZI246393,Rachel,34,Erkak,+1-541-581-5768x628,E
LD039882,Cheryl,34,Erkak,+1-640-426-6589,A
EI027869,Megan,56,Ayol,001-670-663-2065x189,C
CU712949,Christopher,64,Ayol,788.341.5903x929,D
FG229815,Abigail,56,Erkak,(973)416-2253x941,D
KA102166,Andrew,54,Erkak,2489921742,C
CL309205,Ryan,20,Ayol,678.391.2716x004,A
ZT908911,Angela,51,Erkak,+1-251-321-5449x3269,C
AO113856,Alan,45,Erkak,714-586-5350x574,C
BF970420,Matthew,57,Ayol,(835)664-1039x576,A
SI729005,Justin,64,Ayol,275.376.9500x4957,E
GF591075,Jenny,37,Ayol,(848)517-4726,C
HP797974,Cynthia,43,Ayol,711-630-5418x0254,E
MA714247,Rebecca,26,Erkak,7626417201,D
AS544918,Megan,60,Ayol,615-984-4890x439,B
BB582377,Rachel,57,Ayol,+1-611-980-3604x94834,D
WI267842,Evelyn,53,Erkak,411.461.3322,C
BR224250,Robert,36,Erkak,763-624-2246,D
YF353060,Justin,68,Ayol,+1-976-760-4091,D
UX777932,Sheila,46,Ayol,601.905.9169,B
GT728030,Jennifer,50,Ayol,290.462.2873x05726,B
LA534504,Joshua,60,Erkak,7965448378,C
NJ735311,Kyle,50,Ayol,(726)244-2490x7036,A
XF724817,Regina,70,Erkak,(734)675-8642,C
KM112184,Richard,32,Erkak,+1-314-653-2132x059,B
PV233835,Paul,19,Erkak,+1-470-555-4705x027,B
PB459084,Blake,48,Erkak,+1-582-370-5140x204,D
BB768153,Angela,44,Erkak,933-204-6163x81189,D
DJ436398,Joseph,49,Ayol,354-807-1196x320,B
DH791629,Jason,27,Erkak,001-267-934-7828,A
YS624848,Meghan,67,Ayol,001-831-672-7802x123,B
ZC428931,Kathryn,29,Ayol,978.783.6272x5525,A
OS702615,Julia,53,Erkak,+1-449-609-3025x4103,A
BX890753,Sandra,47,Erkak,6815745901,D
XR548802,Laura,60,Ayol,(390)363-7621x550,D
UL371622,Bryan,57,Ayol,+1-468-214-0752,E
XD278835,Stacy,46,Erkak,328.892.7246,D
GD872186,Patricia,46,Ayol,275-859-8621,B
HE789547,Elizabeth,58,Ayol,786.207.3673x06594,E
YI798873,Sheila,49,Erkak,001-882-538-6337x153,C
VC414842,Phillip,46,Erkak,(471)816-2956,C
FS133240,Rebecca,33,Ayol,001-205-238-7826x66605,C
UC088727,Timothy,38,Erkak,(363)325-6147,B
BD249612,Julia,27,Erkak,(896)353-1264,D
IH182630,Rachel,62,Erkak,884-332-6228x939,B
MC699288,Paul,22,Ayol,4556330911,D
NZ066890,Antonio,39,Ayol,351.821.4927x6109,D
WH561973,Christopher,21,Erkak,001-363-733-9384x6240,D
KA999088,Jessica,42,Erkak,361.950.9843x47665,E
EQ878819,Sharon,42,Ayol,307.570.9927x32687,A
DU937162,James,40,Ayol,+1-969-354-3644x08205,D
DY776301,Amanda,44,Erkak,+1-483-495-0075x1674,D
IT031196,Michael,32,Ayol,+1-381-879-4314x66028,D
PV383197,Misty,49,Erkak,650-432-7791x88878,D
KQ715722,Nancy,39,Ayol,462-867-3713x45423,B
WE057086,Cheryl,47,Erkak,001-751-769-8504,E
MM529396,Stephanie,52,Erkak,484-289-4857x146,D
ML983879,Fred,55,Erkak,+1-583-892-6009x178,A
XR994958,Brian,59,Ayol,977-393-7633x2439,B
YF742424,Robert,47,Erkak,001-570-295-9434x854,A
ZI656779,James,34,Ayol,001-571-494-7714x266,C
AN023255,Mark,31,Ayol,001-458-804-6970x823,C
EN662322,Tracey,39,Ayol,967-725-0397x228,C
XD543350,Connie,66,Ayol,(586)886-3240,C
WD974180,Dawn,23,Ayol,+1-589-877-9917x966,A
QO753739,Steven,65,Erkak,610.546.9245x1566,C
CL001202,David,32,Erkak,675-598-6285x256,A
VC474349,Kathleen,66,Erkak,(547)221-6063x1522,B
DQ815037,David,30,Erkak,+1-323-482-6810,E
BR131395,Whitney,27,Erkak,3776478785,B
QM084128,Ashley,48,Erkak,645-540-4604,E
RG380520,Anthony,31,Ayol,+1-923-465-1509x71352,C
FJ353881,Rachel,67,Ayol,(212)870-0671x757,B
RF492630,Leah,56,Erkak,629.910.2082x966,B
BI673967,Lisa,37,Erkak,385.929.4253x9726,E
SH763832,Victor,19,Ayol,+1-255-585-4703x2596,E
AA995260,Derek,61,Ayol,(870)927-2631,D
AB836190,Erik,63,Erkak,821.943.7579,A
TO343142,Paula,55,Erkak,(964)695-4401,A
TA985442,Daniel,62,Ayol,001-684-348-8983,E
UA485043,Kelly,69,Erkak,001-517-975-6609,E
QW245533,Casey,68,Erkak,(933)323-3828x3587,C
QF593339,April,52,Ayol,233.280.6572,C
JO482086,Jocelyn,22,Ayol,237.928.8193x1573,A
DC702714,Marie,44,Ayol,300.757.0129x4221,A
OK641531,Stacey,45,Ayol,(381)872-0900x8537,D
LJ852635,Sydney,63,Erkak,(719)456-3796,D
HJ671021,Jennifer,29,Ayol,+1-839-612-6585x4695,E
FS896087,Lisa,69,Ayol,218.589.6792x0284,D
VQ592754,Brian,45,Ayol,870.246.0593,C
UI971434,Stephanie,33,Erkak,861-349-7501x6178,C
CB803246,Andrew,46,Erkak,+1-413-855-9799x01822,D
TA671757,Luis,54,Ayol,(427)958-0630x125,C
MD586821,Evan,19,Ayol,(448)825-5827x703,C
WI977310,Jose,29,Ayol,(301)990-3121x88066,B
SW320596,Joseph,40,Ayol,488.451.5553x928,C
FL958651,Penny,35,Ayol,414.871.6725,E
YR578002,Theresa,18,Erkak,+1-445-950-7175x41277,A
YL097749,Brian,33,Ayol,+1-450-325-8973,D
UR137987,Brenda,53,Erkak,546-201-6592x6730,D
DN776599,Gabriella,59,Ayol,001-228-323-5655x966,D
KT691526,Lisa,68,Erkak,+1-516-623-9068,A
GT846552,Anna,36,Erkak,001-841-329-4761x11292,D
BH335500,Jeremy,62,Erkak,(903)707-0763,C
YJ496549,George,60,Ayol,+1-294-738-6296x616,D
PL744102,Michael,53,Ayol,+1-684-371-1476,D
TA199980,Christina,65,Ayol,586-506-5611x104,C
JB409360,Jesse,62,Ayol,+1-223-330-3124x28111,C
HH834603,Elizabeth,37,Ayol,001-342-831-8327,B
HL039327,Joseph,25,Erkak,3818109014,C
TO049201,Maria,25,Erkak,001-437-369-7939x137,B
TA595785,Sarah,31,Ayol,663-760-9086x863,C
CY401399,Carolyn,64,Ayol,+1-593-307-3816x4218,A
XP911746,Ashley,30,Ayol,412.397.3019x54920,B
VC664705,Antonio,41,Erkak,237-330-6286x834,C
AU142312,Dawn,18,Erkak,363-363-8700,C
HJ662521,Maria,20,Erkak,001-731-945-0733,E
JB465640,Claudia,36,Erkak,001-696-584-3097x49222,D
FR519379,Sarah,24,Erkak,513.854.8386x946,E
UD277288,Christopher,36,Ayol,(299)372-3583,D
RX406813,Felicia,46,Ayol,7348477631,B
YC512220,Denise,21,Ayol,752-570-8546,D
ZD494055,James,25,Erkak,228-236-4768x543,D
AQ675131,Samantha,49,Erkak,001-717-842-4331x89034,E
EV282035,Kayla,58,Erkak,2069047302,B
AE970257,Adam,27,Ayol,3133581967,A
ED415257,Holly,33,Erkak,558-292-7129x7157,E
UR253141,Mary,66,Ayol,4695906750,E
SI650999,Michael,56,Erkak,001-484-711-9949x05680,E
OC400837,George,42,Ayol,737.550.3040,D
WH928485,Heather,37,Ayol,506.565.9469x630,C
FK992068,Stephanie,54,Erkak,+1-491-424-1771x82648,E
WU437083,Dustin,65,Erkak,355-661-0144x998,B
IN992541,Debbie,58,Erkak,388-666-3584x98008,C
IO373497,Michael,60,Erkak,001-913-672-5900x6146,B
DG498800,William,33,Erkak,9958543976,E
ZI958522,Karla,22,Erkak,+1-269-623-0487x0038,A
XS746147,Tammy,44,Ayol,(863)276-3593x74423,E
LF497174,Lucas,48,Ayol,782.729.0812,A
ZR160437,Daniel,32,Ayol,237-454-4413,C
LG990818,Philip,62,Ayol,+1-652-968-4737x7172,A
PB337202,Michael,61,Erkak,001-490-538-7383x636,C
XG843744,Robert,68,Erkak,+1-648-533-9479x0443,D
SQ747906,Heather,25,Erkak,(472)744-6925,B
FD524565,Karen,35,Erkak,563-773-4814x583,A
AO410325,Joshua,21,Erkak,886-531-4701,C
RW333752,Gary,56,Ayol,213-826-5465x3266,D
OK573016,Melissa,25,Ayol,871.938.0938,C
GS105651,Jennifer,62,Ayol,001-389-881-5554x3875,C
DJ827610,Jeffrey,50,Ayol,365.599.8827x4955,D
AQ623343,Justin,23,Erkak,424-575-9242,D
AH704928,Caitlyn,65,Ayol,+1-991-853-4476,E
YM129241,Brianna,34,Erkak,(637)971-1930x076,A
IG638418,Brandi,32,Erkak,(773)903-9920x0092,C
QH623917,Michele,54,Erkak,371.225.0149x69209,B
OY361223,Christina,48,Ayol,+1-306-646-6824x5472,C
QK256519,Brett,29,Ayol,4045903688,D
PU339919,Linda,23,Ayol,815-767-0925x0982,C
CD222018,Mariah,44,Ayol,(203)504-5066x315,C
JI968660,Sarah,60,Erkak,+1-301-261-2724x523,B
MF104047,John,39,Ayol,837-539-7789x104,D
TR078125,Nathan,36,Ayol,+1-928-821-6510x53385,E
HG123952,Donna,20,Ayol,561-567-5005,A
KF034600,Dana,38,Ayol,001-956-711-3444x078,C
NN540317,Erin,25,Ayol,609-403-9188,E
GT096157,Michelle,70,Erkak,435.294.9795x541,E
CH596636,Parker,47,Ayol,3529030286,A
FC914020,Rachel,30,Ayol,(408)681-0096x0886,E
DM091225,Patrick,66,Ayol,524-658-6481,D
PK080727,David,66,Erkak,001-837-547-4107,B
ZM213142,George,35,Erkak,2195657213,C
PP031952,Natasha,46,Ayol,+1-353-901-3188x8220,A
GP892189,Anthony,19,Erkak,430.355.3469x3282,B
ON337075,Rachel,37,Erkak,738-389-0159x181,E
FG549279,Timothy,44,Erkak,+1-256-275-3130x927,B
LI889803,Monica,25,Ayol,200-828-7937,A
CH804282,Lisa,59,Erkak,725-695-7874x86592,D
EY573350,Laura,63,Ayol,576.914.5743,E
QR163306,Jill,63,Ayol,7593979926,D
WZ866680,Joshua,48,Ayol,3965438933,B
DM053835,Cameron,47,Erkak,638-331-6526,D
AH023539,Anna,30,Erkak,927.540.2658x295,A
LX746464,Connor,35,Ayol,001-231-817-6187,C
TX138100,Robert,68,Ayol,+1-925-817-4376x9111,A
EQ555296,Melissa,36,Ayol,929-957-7084x2974,E
PZ951004,John,55,Ayol,550-445-4503,B
GJ395757,Roger,46,Ayol,427-243-8406,C
PC108010,Calvin,39,Ayol,001-661-698-2919x171,D
EA879707,Keith,38,Erkak,2142496554,B
IR186858,Cheryl,54,Ayol,(956)445-4139x55637,B
EW724659,Kathleen,67,Ayol,+1-266-755-4303x49909,A
EL632538,Victoria,38,Ayol,+1-444-304-7133x2695,D
NP126640,Ray,42,Erkak,001-557-753-2503x061,D
TJ370223,Daniel,20,Erkak,+1-442-646-7404x1134,E
PA339278,Kristy,55,Ayol,+1-661-713-3268x1132,A
NO718404,Joann,46,Erkak,+1-940-292-5008x83709,E
AI643949,Laura,47,Erkak,(700)744-8229x99132,B
NJ915506,Brianna,44,Erkak,001-896-233-8712x2347,A
ZY439871,Susan,48,Ayol,950-992-6905x77784,C
CM293294,Shawn,57,Ayol,956-831-9130x52374,A
WP038699,Justin,39,Ayol,253.623.6015,C
KT490361,Jessica,58,Ayol,+1-226-574-6208x678,E
MU658814,James,20,Erkak,710.241.8928x085,B
EV655595,Louis,58,Ayol,462-465-7187x7483,B
VX739254,Susan,65,Erkak,7095429469,D
WF501933,Douglas,24,Erkak,001-622-601-2534,D
AR524396,Sarah,28,Ayol,+1-577-277-1593x61046,A
RX577567,Kelly,20,Ayol,001-481-561-2155x6117,A
QG420787,Kristen,36,Ayol,736.507.0386x702,C
XI507764,Brittany,45,Erkak,646.887.4465,B
ZY866035,Katelyn,51,Ayol,+1-567-326-2431x3802,E
LI330492,Heather,61,Erkak,(847)867-9551x6718,B
GZ125466,Shannon,29,Erkak,346-675-4221x290,E
JP604484,Elizabeth,42,Erkak,001-959-845-3455x338,D
FY379005,Michelle,55,Erkak,001-568-946-9111x17787,B
QL151652,William,47,Ayol,+1-696-261-9469,D
ZZ778568,James,34,Erkak,+1-803-403-8649,D
NA477146,James,36,Erkak,001-717-525-2787x73973,A
TR017125,Christine,46,Ayol,(372)655-7491,E
UK508888,Michelle,37,Ayol,(954)335-2785,C
AE402369,Tina,47,Ayol,7009449826,B
UM553997,Robert,42,Ayol,5783977721,A
KK987842,Michael,33,Ayol,(548)690-1045,E
OM600714,Laurie,40,Ayol,001-908-977-8669x069,C
GM492892,Emily,19,Ayol,(895)949-5283x4715,C
KA440135,Maria,18,Erkak,(546)473-6550x5331,E
MQ859134,Jessica,65,Ayol,(892)236-5797x475,C
YS254598,Chad,67,Erkak,+1-400-312-2987x549,E
JM123084,Jennifer,69,Ayol,659.614.1689x575,B
QG503792,Joshua,58,Erkak,736-522-6891x0457,E
BF672379,Lori,34,Erkak,(562)556-1907x2891,A
SU011274,Charlotte,58,Erkak,(966)235-5033x79018,C
ZH049013,Ray,68,Ayol,001-457-276-7520x3964,A
RU468672,Kristine,55,Ayol,001-622-823-9793x076,B
RS082874,Leah,23,Ayol,381.410.5024x602,C
EV347693,Briana,65,Ayol,478.767.7050x8982,B
GZ454811,Amanda,30,Erkak,(631)472-2849,E
WC184021,Brandy,41,Ayol,+1-326-305-6865x6671,B
PD735687,Cheryl,34,Ayol,+1-498-724-9787,C
KI606052,Courtney,65,Ayol,001-427-292-2204x4645,A
XC238824,Daniel,47,Erkak,364.235.0459x21346,B
MO248980,Sandra,66,Erkak,730-794-5069x6844,D
IM459461,Gabrielle,69,Ayol,304-655-2644x68882,A
QK851050,Mary,68,Ayol,+1-910-233-9244x60630,A
QB352172,Michael,34,Erkak,(450)820-5249,D
BQ869549,Valerie,41,Ayol,001-322-593-7122x72928,E
VX783034,Meredith,42,Ayol,+1-666-848-7742x1067,A
YT028371,Veronica,61,Erkak,(375)354-8805x428,D
MH485287,Kristin,19,Ayol,(636)957-4712x624,E
IW553664,Blake,32,Erkak,(605)769-5701x292,D
RP535093,Jason,62,Ayol,+1-639-539-8302x2761,D
GV765934,Amy,25,Erkak,821-728-8385x6476,A
US303516,Bruce,20,Ayol,736-487-4572x44292,D
JE809919,Brandon,25,Erkak,001-912-707-4824,B
MW355440,Kelsey,52,Erkak,419-956-0805x01291,D
QE660675,Anthony,47,Ayol,665-731-3980x76798,E
MS729083,Kelly,44,Erkak,303.475.9481x46371,D
WR077037,Ellen,59,Erkak,406-364-0439x984,D
AF548109,Steven,57,Ayol,994.661.1790,C
MN486732,Gabriela,20,Ayol,001-312-874-4896x9265,B
XC009438,Karen,46,Ayol,001-679-771-9878x0485,B
BQ858570,Michael,41,Erkak,+1-459-955-6616x604,C
FN270759,Ricky,52,Ayol,508.925.9372,A
RK046986,Gina,43,Ayol,+1-831-571-2239x750,B
WX286297,Sherry,25,Ayol,7383179380,A
EU382645,Corey,60,Erkak,597-511-4558x741,E
PL386107,Troy,19,Erkak,+1-657-205-3785x583,C
ID038351,Hunter,33,Erkak,(974)867-1790x35009,E
GF669307,Lisa,31,Erkak,001-691-708-5458x911,E
EU215052,Angela,31,Erkak,(784)385-5341,B
TS398772,Michael,39,Erkak,(823)266-1612x7584,E
KV222446,James,18,Ayol,+1-863-468-5667x2479,B
QD220010,Alicia,26,Ayol,800.360.9640,B
JB963593,Sherry,25,Erkak,545-426-1383,B
BL709208,Michelle,18,Ayol,8215391673,B
ON528583,William,55,Ayol,865-217-0135x7101,A
BQ901822,Jessica,29,Ayol,206-601-7989x2676,A
TZ540097,Don,26,Ayol,851-605-0288x6864,E
ZM024209,Carrie,25,Erkak,313.831.0078,D
SL713600,Sarah,46,Ayol,001-490-835-3756x14990,E
BB736190,Rachel,55,Erkak,660.533.2860x8226,D
SM094999,Elizabeth,50,Erkak,+1-533-385-1381,E
HR760839,Cesar,20,Ayol,+1-236-571-9391,D
LH173705,Laurie,59,Erkak,+1-315-480-9851x4543,A
BN258407,Shelly,48,Ayol,001-361-747-0864x6912,D
DF794092,Barbara,61,Erkak,+1-215-640-7004x8188,D
RG552877,Jessica,63,Ayol,001-982-816-6978,A
YB353728,Nichole,23,Ayol,(914)906-8700x2878,E
FU999889,Zachary,27,Erkak,642.202.2478x36638,B
GH690724,Sharon,35,Ayol,001-275-826-6536x4228,D
VR166136,Jessica,56,Ayol,296-557-4253x3534,D
RZ829193,Brianna,50,Ayol,783.983.0112x351,A
NF820221,Jasmine,68,Erkak,540.430.9302x06206,E
CL844856,Nicholas,64,Erkak,+1-271-573-4549x455,D
EV937102,Kristen,46,Erkak,+1-278-236-7230x020,D
JM673829,Gloria,39,Ayol,+1-579-997-7458x476,D
QU892549,Ashley,44,Erkak,767-218-8324x094,C
AW946728,Robert,45,Ayol,8725528877,C
TN030198,Deanna,41,Erkak,978.845.9542x188,D
XD248086,Carol,22,Erkak,704-594-5776x47717,A
BI412987,Stephen,23,Ayol,537.447.1132,A
ZI158913,Veronica,65,Ayol,+1-940-706-6509x30893,B
RK034023,Megan,53,Erkak,491-821-1712,E
TE541979,Jasmine,53,Ayol,441.848.0546x4604,A
JJ511450,Rebecca,44,Ayol,682.217.8817x1264,D
HQ775719,Jorge,64,Erkak,+1-573-905-5865,C
GK291137,Brian,56,Ayol,4617764245,C
LU145034,Yolanda,24,Erkak,001-712-922-9780x42462,B
VL067788,William,60,Ayol,4168959968,B
RL024880,Melissa,24,Ayol,503.792.5954x119,E
LM743425,Aaron,41,Erkak,+1-620-723-9723x079,C
CN232104,Richard,54,Erkak,661-332-3928,D
VZ547995,Matthew,53,Erkak,001-944-661-8228x66638,E
CS465186,Kristina,60,Ayol,+1-903-953-7858x15769,A
UE431916,Kyle,29,Ayol,6726758088,C
OG951639,Kevin,39,Ayol,001-359-770-1380x3731,A
KG648007,Tiffany,29,Erkak,467.322.4638x133,E
NT371860,James,60,Ayol,+1-958-993-4131x37656,A
WT362982,Dawn,27,Erkak,702.820.3852x65426,A
HC101941,Thomas,65,Erkak,001-201-967-9128,D
UJ827323,Tanya,44,Ayol,+1-276-589-7589,C
UB804113,Karen,28,Ayol,001-868-334-4131x283,C
JS847087,Warren,64,Ayol,+1-900-564-6719x57186,E
IC344245,Michael,56,Erkak,+1-482-699-8162,A
AF643309,Andrew,27,Erkak,(995)686-1713x2413,E
GL847490,Travis,21,Erkak,+1-885-715-6304x65185,C
XM412219,Jacob,46,Ayol,(863)984-6165x4309,D
XH977786,Roger,56,Ayol,(768)404-8009,D
US389180,Joseph,35,Erkak,(767)911-7881x810,E
IN845724,Joseph,25,Ayol,700.880.6355x05413,D
QT497800,Jennifer,25,Ayol,221-664-1006x8279,E
HA876616,Charles,49,Ayol,547.793.1398,A
PS530846,John,32,Ayol,808-947-0233x48406,E
NV306156,Ricardo,21,Erkak,694.318.0579x245,B
SF987018,Brandon,37,Erkak,(686)612-1067,B
RH270937,Jon,66,Ayol,001-477-381-0722,C
WB833321,Jessica,38,Erkak,842-821-2029,A
OW676610,Stacy,49,Ayol,001-223-715-5085x18188,B
JP748011,Doris,26,Ayol,001-844-443-4025x2371,E
BF427353,Mike,63,Erkak,+1-995-935-8092x3812,E
QI000696,Toni,53,Ayol,+1-944-599-5997x3726,A
XE481116,Kimberly,43,Erkak,001-956-915-0496x6679,D
FE544109,Dennis,19,Ayol,915-559-2915x4080,A
TO886072,Jessica,38,Ayol,001-668-873-9631,E
CO908848,Eric,43,Ayol,869-493-3676x8798,C
PM502637,James,25,Ayol,291.630.7242,A
AU146661,Mary,38,Erkak,511-203-2837,E
RT495902,Mckenzie,47,Ayol,329.846.4315x734,A
BL668793,Brandi,45,Erkak,001-936-896-1552x7967,B
VH441566,Tyler,45,Ayol,911.355.6425x0963,E
MT014386,John,23,Ayol,(604)467-2453,C
QZ304636,Jean,65,Ayol,001-947-266-2910x0343,B
TMP-20250524233058,Noma'lum,25,Male,,C
TMP-20250524233135,Noma'lum,21,Male,,C
TMP-20250524233205,Noma'lum,29,Male,,C
TMP-20250524233209,Noma'lum,32,Male,,C
TMP-20250524234227,Noma'lum,24,Male,,C
