Tashrif_ID,Pasport_raqami,Kirish_vaqti,Chiqish_vaqti,Maqsadi,Tracked
0,NJ735311,2025-05-24 21:55:01,2025-05-24 23:39:01,Servis,Yes
1,XP911746,2025-05-08 16:14:38,2025-05-08 17:40:38,Yangi mashina ko‘rish,Yes
2,OG951639,2025-05-12 22:18:05,2025-05-13 00:02:05,Test drive,No
3,GM492892,2025-05-02 06:10:22,2025-05-02 07:59:22,Servis,Yes
4,XT909524,2025-05-02 01:29:14,2025-05-02 01:52:14,Test drive,Yes
5,RB777901,2025-04-27 07:51:32,2025-04-27 09:13:32,Servis,Yes
6,JY050669,2025-04-27 23:35:11,2025-04-28 01:18:11,Sug'urta,No
7,PD735687,2025-05-22 12:50:31,2025-05-22 14:07:31,Texnik maslahat,No
8,WP038699,2025-05-03 04:17:41,2025-05-03 06:14:41,Texnik maslahat,No
9,EV937102,2025-05-02 05:19:44,2025-05-02 06:44:44,Test drive,Yes
10,AB836190,2025-05-04 23:34:31,2025-05-04 23:47:31,Sug'urta,No
11,LI889803,2025-05-09 19:18:06,2025-05-09 20:01:06,Test drive,Yes
12,OS702615,2025-05-09 23:25:28,2025-05-10 00:34:28,Yangi mashina ko‘rish,No
13,FS896087,2025-05-01 13:54:09,2025-05-01 14:56:09,Yangi mashina ko‘rish,Yes
14,VC414842,2025-05-09 15:25:47,2025-05-09 17:16:47,Test drive,Yes
15,LX746464,2025-04-29 04:03:57,2025-04-29 05:58:57,Yangi mashina ko‘rish,No
16,FS896087,2025-05-04 02:32:35,2025-05-04 03:51:35,Texnik maslahat,Yes
17,QF593339,2025-04-28 12:57:31,2025-04-28 14:45:31,Texnik maslahat,Yes
18,WI267842,2025-05-14 17:51:43,2025-05-14 19:13:43,Sug'urta,Yes
19,FE544109,2025-05-16 12:10:50,2025-05-16 12:22:50,Sug'urta,Yes
20,ID038351,2025-05-03 08:28:34,2025-05-03 10:28:34,Test drive,Yes
21,TO049201,2025-05-03 15:04:49,2025-05-03 16:31:49,Servis,Yes
22,QF098491,2025-05-10 19:54:28,2025-05-10 21:29:28,Sug'urta,No
23,RX406813,2025-04-29 19:50:25,2025-04-29 21:01:25,Texnik maslahat,Yes
24,HE789547,2025-04-27 08:08:26,2025-04-27 09:00:26,Test drive,No
25,AN023255,2025-05-05 06:16:06,2025-05-05 08:00:06,Test drive,Yes
26,MS729083,2025-05-19 00:01:26,2025-05-19 01:26:26,Test drive,Yes
27,GT728030,2025-05-05 07:58:29,2025-05-05 08:15:29,Texnik maslahat,No
28,NS621820,2025-05-12 01:50:01,2025-05-12 02:27:01,Texnik maslahat,Yes
29,NJ735311,2025-05-23 02:56:14,2025-05-23 03:11:14,Texnik maslahat,Yes
30,UB804113,2025-05-21 07:57:57,2025-05-21 08:46:57,Test drive,No
31,GJ186185,2025-05-23 13:39:07,2025-05-23 15:00:07,Yangi mashina ko‘rish,No
32,LF497174,2025-05-03 06:44:31,2025-05-03 07:37:31,Test drive,Yes
33,NO718404,2025-05-23 17:09:18,2025-05-23 18:43:18,Texnik maslahat,Yes
34,LX746464,2025-05-01 02:59:32,2025-05-01 04:29:32,Sug'urta,No
35,DK385493,2025-05-06 17:38:16,2025-05-06 18:29:16,Test drive,Yes
36,JP748011,2025-05-05 13:25:50,2025-05-05 13:57:50,Test drive,No
37,GR858246,2025-05-11 07:51:54,2025-05-11 08:24:54,Servis,Yes
38,RW791626,2025-05-09 16:26:41,2025-05-09 17:08:41,Yangi mashina ko‘rish,Yes
39,EW724659,2025-05-19 22:10:14,2025-05-19 22:58:14,Texnik maslahat,Yes
40,PU339919,2025-05-15 03:15:17,2025-05-15 04:08:17,Servis,Yes
41,QM332544,2025-04-26 03:30:23,2025-04-26 05:21:23,Texnik maslahat,Yes
42,UM553997,2025-05-11 16:22:36,2025-05-11 17:23:36,Yangi mashina ko‘rish,No
43,HE789547,2025-05-09 15:05:56,2025-05-09 16:36:56,Servis,No
44,NN540317,2025-05-16 02:33:20,2025-05-16 03:14:20,Sug'urta,Yes
45,AE970257,2025-05-10 05:04:31,2025-05-10 05:39:31,Test drive,No
46,UE431916,2025-05-23 23:52:06,2025-05-24 01:43:06,Servis,No
47,CM293294,2025-05-08 16:48:09,2025-05-08 18:06:09,Sug'urta,No
48,BQ869549,2025-05-16 22:30:10,2025-05-16 23:11:10,Sug'urta,No
49,AU146661,2025-05-04 16:00:02,2025-05-04 16:25:02,Servis,Yes
50,TN030198,2025-04-29 06:57:23,2025-04-29 07:34:23,Yangi mashina ko‘rish,No
51,XD248086,2025-05-21 06:27:04,2025-05-21 07:19:04,Texnik maslahat,Yes
52,ZZ778568,2025-05-13 07:01:39,2025-05-13 08:54:39,Texnik maslahat,Yes
53,NS621820,2025-04-28 20:13:29,2025-04-28 20:28:29,Servis,No
54,QF593339,2025-04-26 13:01:14,2025-04-26 15:01:14,Texnik maslahat,Yes
55,TZ540097,2025-05-23 15:12:23,2025-05-23 16:12:23,Yangi mashina ko‘rish,Yes
56,TS398772,2025-05-19 19:40:42,2025-05-19 20:42:42,Test drive,Yes
57,WD974180,2025-04-27 17:22:43,2025-04-27 17:33:43,Sug'urta,No
58,DR641175,2025-05-21 10:11:31,2025-05-21 11:05:31,Yangi mashina ko‘rish,No
59,WQ468958,2025-05-08 10:21:46,2025-05-08 10:29:46,Test drive,Yes
60,SM094999,2025-04-26 23:26:01,2025-04-27 01:02:01,Test drive,Yes
61,LP711741,2025-04-27 12:54:27,2025-04-27 13:03:27,Test drive,No
62,QG420787,2025-05-22 20:03:51,2025-05-22 21:54:51,Servis,No
63,QW245533,2025-05-19 06:23:02,2025-05-19 07:46:02,Yangi mashina ko‘rish,Yes
64,DK385493,2025-05-06 04:41:19,2025-05-06 05:18:19,Servis,Yes
65,WU437083,2025-05-17 22:33:46,2025-05-18 00:11:46,Texnik maslahat,No
66,QY623121,2025-05-15 14:14:54,2025-05-15 15:58:54,Test drive,Yes
67,CL309205,2025-04-27 17:25:11,2025-04-27 17:45:11,Yangi mashina ko‘rish,Yes
68,CL001202,2025-05-22 23:23:21,2025-05-23 00:49:21,Texnik maslahat,No
69,TY985744,2025-05-07 20:56:57,2025-05-07 21:15:57,Sug'urta,Yes
70,LI889803,2025-05-04 21:27:51,2025-05-04 22:37:51,Texnik maslahat,Yes
71,UK508888,2025-05-21 05:20:04,2025-05-21 05:43:04,Test drive,No
72,AW832772,2025-05-08 15:52:21,2025-05-08 17:15:21,Test drive,Yes
73,FD524565,2025-05-04 14:05:25,2025-05-04 15:03:25,Servis,Yes
74,RX406813,2025-05-10 18:19:28,2025-05-10 19:10:28,Yangi mashina ko‘rish,Yes
75,DY776301,2025-05-24 08:08:42,2025-05-24 10:04:42,Sug'urta,Yes
76,EY573350,2025-05-23 12:47:39,2025-05-23 13:41:39,Test drive,No
77,RS082874,2025-05-12 21:23:30,2025-05-12 21:30:30,Test drive,Yes
78,DJ436398,2025-05-13 11:26:40,2025-05-13 12:01:40,Yangi mashina ko‘rish,No
79,GE081803,2025-05-21 08:34:48,2025-05-21 08:44:48,Test drive,No
80,GF669307,2025-05-17 21:39:15,2025-05-17 23:06:15,Servis,No
81,QG420787,2025-05-16 23:50:52,2025-05-17 00:56:52,Servis,Yes
82,TY985744,2025-05-07 08:21:46,2025-05-07 09:57:46,Sug'urta,Yes
83,EI027869,2025-04-30 02:35:45,2025-04-30 03:05:45,Yangi mashina ko‘rish,Yes
84,HQ775719,2025-05-09 07:30:21,2025-05-09 07:40:21,Test drive,No
85,AU142312,2025-05-09 01:11:12,2025-05-09 02:06:12,Texnik maslahat,No
86,PE691618,2025-05-21 17:47:01,2025-05-21 17:56:01,Servis,No
87,XR548802,2025-05-03 11:21:28,2025-05-03 13:16:28,Yangi mashina ko‘rish,No
88,VH062064,2025-05-17 02:19:31,2025-05-17 02:39:31,Test drive,No
89,LU145034,2025-05-24 20:18:17,2025-05-24 21:14:17,Sug'urta,No
90,PV233835,2025-05-20 13:15:06,2025-05-20 13:43:06,Sug'urta,No
91,VC414842,2025-05-08 12:40:38,2025-05-08 14:27:38,Texnik maslahat,No
92,FN270759,2025-05-09 18:47:06,2025-05-09 19:02:06,Sug'urta,Yes
93,FJ353881,2025-05-03 22:45:32,2025-05-04 00:07:32,Servis,No
94,WI267842,2025-05-05 21:13:34,2025-05-05 21:31:34,Yangi mashina ko‘rish,No
95,EW724659,2025-04-30 19:48:37,2025-04-30 20:30:37,Test drive,No
96,MF104047,2025-05-08 01:28:45,2025-05-08 03:04:45,Sug'urta,Yes
97,WF501933,2025-05-15 17:44:41,2025-05-15 18:45:41,Test drive,No
98,MA856786,2025-05-19 15:04:46,2025-05-19 16:42:46,Test drive,No
99,GP305978,2025-05-18 03:22:53,2025-05-18 04:48:53,Yangi mashina ko‘rish,Yes
100,NO718404,2025-04-25 16:41:59,2025-04-25 18:07:59,Sug'urta,No
101,VC664705,2025-05-01 08:04:44,2025-05-01 09:51:44,Servis,Yes
102,VU442207,2025-04-25 15:13:40,2025-04-25 17:06:40,Texnik maslahat,No
103,YI042711,2025-04-27 20:14:27,2025-04-27 20:35:27,Yangi mashina ko‘rish,Yes
104,RP535093,2025-05-09 13:11:20,2025-05-09 14:38:20,Test drive,No
105,KA999088,2025-05-10 02:11:48,2025-05-10 03:28:48,Yangi mashina ko‘rish,Yes
106,CM293294,2025-05-12 03:26:51,2025-05-12 04:28:51,Test drive,No
107,TA985442,2025-05-22 16:17:21,2025-05-22 17:59:21,Yangi mashina ko‘rish,Yes
108,AQ675131,2025-05-19 13:32:18,2025-05-19 14:23:18,Sug'urta,No
109,EQ555296,2025-04-28 09:34:37,2025-04-28 10:14:37,Servis,Yes
110,NE494349,2025-05-21 15:17:41,2025-05-21 16:56:41,Servis,No
111,JB465640,2025-05-17 01:28:48,2025-05-17 02:22:48,Texnik maslahat,Yes
112,ET367134,2025-05-01 19:32:17,2025-05-01 21:16:17,Test drive,No
113,SM019475,2025-05-15 13:21:19,2025-05-15 14:44:19,Test drive,No
114,AK174351,2025-05-15 07:34:19,2025-05-15 07:54:19,Servis,Yes
115,JO482086,2025-05-19 13:51:04,2025-05-19 14:18:04,Sug'urta,Yes
116,PL386107,2025-05-22 09:01:35,2025-05-22 10:33:35,Test drive,No
117,QL151652,2025-04-27 00:40:48,2025-04-27 00:53:48,Texnik maslahat,No
118,VL067788,2025-05-06 20:42:25,2025-05-06 21:25:25,Servis,Yes
119,AF548109,2025-05-18 21:48:37,2025-05-18 22:39:37,Texnik maslahat,Yes
120,TI093728,2025-05-13 16:40:48,2025-05-13 17:10:48,Servis,Yes
121,MS729083,2025-05-10 13:08:47,2025-05-10 14:16:47,Yangi mashina ko‘rish,No
122,DG498800,2025-05-18 18:22:36,2025-05-18 19:40:36,Test drive,No
123,RK046986,2025-05-13 02:08:17,2025-05-13 03:23:17,Servis,Yes
124,CB994275,2025-05-16 10:31:03,2025-05-16 11:15:03,Sug'urta,No
125,YC512220,2025-05-17 23:32:04,2025-05-18 00:29:04,Sug'urta,Yes
126,VL615351,2025-04-30 12:24:15,2025-04-30 13:09:15,Yangi mashina ko‘rish,No
127,UI971434,2025-05-24 05:38:31,2025-05-24 07:10:31,Texnik maslahat,No
128,RZ430657,2025-05-10 22:59:22,2025-05-11 00:56:22,Texnik maslahat,Yes
129,BQ869549,2025-05-08 16:24:10,2025-05-08 16:45:10,Sug'urta,Yes
130,TZ540097,2025-05-19 22:47:52,2025-05-19 23:07:52,Texnik maslahat,Yes
131,ZT908911,2025-05-20 23:56:47,2025-05-21 00:22:47,Servis,No
132,QT497800,2025-05-12 03:23:37,2025-05-12 04:58:37,Servis,No
133,OW676610,2025-05-20 18:56:05,2025-05-20 20:07:05,Test drive,Yes
134,ZA037229,2025-04-28 18:27:48,2025-04-28 18:57:48,Texnik maslahat,No
135,VL615351,2025-05-13 01:09:40,2025-05-13 02:34:40,Test drive,Yes
136,HL039327,2025-04-25 10:30:45,2025-04-25 11:57:45,Servis,Yes
137,NB493107,2025-05-10 10:47:52,2025-05-10 12:16:52,Texnik maslahat,No
138,LH173705,2025-05-06 22:34:53,2025-05-06 23:51:53,Yangi mashina ko‘rish,Yes
139,WG801319,2025-05-19 06:51:52,2025-05-19 07:01:52,Texnik maslahat,No
140,PZ951004,2025-05-23 09:19:30,2025-05-23 09:50:30,Texnik maslahat,No
141,DM091225,2025-04-27 09:48:05,2025-04-27 11:14:05,Yangi mashina ko‘rish,No
142,LU145034,2025-05-13 12:43:19,2025-05-13 14:08:19,Texnik maslahat,No
143,DM053835,2025-04-30 14:26:21,2025-04-30 15:09:21,Sug'urta,Yes
144,WX286297,2025-05-20 23:05:06,2025-05-21 00:53:06,Sug'urta,No
145,DC702714,2025-05-05 22:33:54,2025-05-05 22:47:54,Yangi mashina ko‘rish,Yes
146,AB836190,2025-05-02 18:55:23,2025-05-02 19:53:23,Sug'urta,No
147,JR230589,2025-04-30 06:58:30,2025-04-30 07:46:30,Texnik maslahat,Yes
148,HP797974,2025-05-14 16:14:41,2025-05-14 18:09:41,Test drive,No
149,QZ304636,2025-05-11 17:17:53,2025-05-11 18:13:53,Servis,No
150,AU142312,2025-05-22 07:56:30,2025-05-22 09:12:30,Yangi mashina ko‘rish,No
151,JW443837,2025-05-15 22:30:28,2025-05-15 23:34:28,Yangi mashina ko‘rish,No
152,QF593339,2025-05-01 13:05:38,2025-05-01 13:41:38,Servis,Yes
153,BG383782,2025-05-18 18:58:09,2025-05-18 19:40:09,Sug'urta,No
154,GM934687,2025-04-30 18:46:40,2025-04-30 20:41:40,Servis,No
155,QT497800,2025-05-12 03:21:57,2025-05-12 04:39:57,Test drive,Yes
156,IM459461,2025-05-14 17:52:09,2025-05-14 18:17:09,Sug'urta,No
157,JB409360,2025-05-22 09:43:38,2025-05-22 11:40:38,Test drive,No
158,UC662954,2025-05-24 14:21:46,2025-05-24 14:37:46,Sug'urta,No
159,AU146661,2025-05-23 16:36:32,2025-05-23 17:11:32,Servis,No
160,UD195961,2025-05-14 04:04:40,2025-05-14 04:15:40,Test drive,No
161,PU339919,2025-04-30 11:01:04,2025-04-30 12:58:04,Sug'urta,No
162,ED415257,2025-04-25 09:19:26,2025-04-25 09:25:26,Yangi mashina ko‘rish,No
163,GE081803,2025-05-04 17:42:09,2025-05-04 19:39:09,Test drive,No
164,QK851050,2025-04-29 15:36:42,2025-04-29 16:32:42,Test drive,Yes
165,ML983879,2025-05-12 10:20:16,2025-05-12 10:31:16,Texnik maslahat,Yes
166,GD872186,2025-04-25 15:48:30,2025-04-25 17:03:30,Test drive,Yes
167,EQ878819,2025-05-20 08:06:07,2025-05-20 09:15:07,Sug'urta,No
168,BL709208,2025-05-05 01:38:12,2025-05-05 03:02:12,Texnik maslahat,Yes
169,RZ430657,2025-05-05 17:16:27,2025-05-05 17:33:27,Sug'urta,No
170,AF548109,2025-05-04 06:51:57,2025-05-04 07:39:57,Texnik maslahat,No
171,PD735687,2025-04-25 18:48:01,2025-04-25 19:11:01,Servis,No
172,HH834603,2025-05-06 17:08:02,2025-05-06 17:18:02,Yangi mashina ko‘rish,Yes
173,LP711741,2025-05-10 16:54:48,2025-05-10 18:30:48,Test drive,No
174,JB465640,2025-05-20 11:57:04,2025-05-20 13:00:04,Servis,Yes
175,UX777932,2025-04-26 08:58:55,2025-04-26 10:21:55,Test drive,Yes
176,PV383197,2025-05-04 13:51:14,2025-05-04 15:14:14,Test drive,No
177,TA595785,2025-05-20 15:21:50,2025-05-20 17:12:50,Texnik maslahat,No
178,FY379005,2025-04-30 03:59:11,2025-04-30 05:16:11,Test drive,No
179,EU215052,2025-05-19 11:26:47,2025-05-19 11:33:47,Test drive,No
180,AI643949,2025-05-12 17:25:07,2025-05-12 17:44:07,Sug'urta,No
181,MN486732,2025-04-27 08:57:40,2025-04-27 10:57:40,Yangi mashina ko‘rish,No
182,BU204910,2025-05-01 07:28:22,2025-05-01 08:56:22,Texnik maslahat,Yes
183,UM553997,2025-05-02 15:44:59,2025-05-02 15:55:59,Texnik maslahat,No
184,NB493107,2025-04-30 17:00:19,2025-04-30 18:12:19,Texnik maslahat,No
185,AT736436,2025-04-28 03:09:08,2025-04-28 04:59:08,Servis,Yes
186,AO410325,2025-05-07 10:07:50,2025-05-07 11:41:50,Yangi mashina ko‘rish,Yes
187,DK385493,2025-05-16 15:37:23,2025-05-16 16:38:23,Test drive,No
188,DC865485,2025-05-23 11:55:49,2025-05-23 12:52:49,Servis,No
189,HH834603,2025-05-13 21:00:57,2025-05-13 22:44:57,Texnik maslahat,No
190,TN030198,2025-05-23 22:06:22,2025-05-23 23:59:22,Yangi mashina ko‘rish,Yes
191,JB465640,2025-05-23 09:57:51,2025-05-23 10:28:51,Texnik maslahat,No
192,EL632538,2025-04-27 06:21:57,2025-04-27 07:27:57,Texnik maslahat,No
193,HP797974,2025-05-18 18:07:33,2025-05-18 18:34:33,Sug'urta,No
194,FK992068,2025-04-29 05:04:59,2025-04-29 05:54:59,Test drive,No
195,GR858246,2025-05-08 11:53:49,2025-05-08 12:29:49,Test drive,No
196,YY423564,2025-05-06 09:21:55,2025-05-06 10:04:55,Test drive,Yes
197,WF501933,2025-05-06 22:40:43,2025-05-07 00:15:43,Sug'urta,No
198,YR578002,2025-05-24 01:13:30,2025-05-24 02:02:30,Texnik maslahat,No
199,KI866163,2025-04-26 20:27:49,2025-04-26 20:47:49,Texnik maslahat,No
200,LM743425,2025-05-18 02:17:38,2025-05-18 03:12:38,Test drive,Yes
201,ZI246393,2025-05-09 11:52:12,2025-05-09 12:02:12,Test drive,Yes
202,DH791629,2025-05-09 12:16:15,2025-05-09 13:17:15,Test drive,No
203,SM019475,2025-05-05 23:05:46,2025-05-05 23:35:46,Texnik maslahat,No
204,IN845724,2025-05-16 15:13:54,2025-05-16 16:29:54,Test drive,Yes
205,MT346340,2025-05-07 07:54:53,2025-05-07 09:17:53,Texnik maslahat,Yes
206,NV314192,2025-05-23 02:44:47,2025-05-23 02:55:47,Texnik maslahat,Yes
207,QR163306,2025-05-01 04:27:19,2025-05-01 05:01:19,Yangi mashina ko‘rish,Yes
208,XD543350,2025-04-25 01:41:54,2025-04-25 02:28:54,Sug'urta,Yes
209,WP038699,2025-05-14 15:07:39,2025-05-14 16:50:39,Servis,Yes
210,PM502637,2025-05-11 06:37:31,2025-05-11 07:52:31,Servis,No
211,GJ395757,2025-05-01 13:47:52,2025-05-01 15:44:52,Sug'urta,No
212,PZ951004,2025-05-18 11:56:55,2025-05-18 12:26:55,Test drive,No
213,SR647582,2025-05-04 01:07:04,2025-05-04 02:34:04,Yangi mashina ko‘rish,Yes
214,PZ951004,2025-05-10 18:35:15,2025-05-10 19:53:15,Servis,Yes
215,HC101941,2025-05-08 20:03:23,2025-05-08 20:30:23,Sug'urta,Yes
216,QT497800,2025-05-06 02:14:36,2025-05-06 02:23:36,Sug'urta,No
217,XK679760,2025-04-27 07:27:08,2025-04-27 09:07:08,Test drive,Yes
218,MC059800,2025-04-29 12:02:52,2025-04-29 12:45:52,Texnik maslahat,Yes
219,XH977786,2025-05-03 23:05:12,2025-05-03 23:52:12,Test drive,No
220,DM053835,2025-05-19 19:31:36,2025-05-19 20:45:36,Texnik maslahat,No
221,LU145034,2025-05-15 07:02:05,2025-05-15 07:24:05,Texnik maslahat,No
222,VH062064,2025-05-19 17:27:42,2025-05-19 17:56:42,Yangi mashina ko‘rish,No
223,CN045199,2025-05-14 16:50:41,2025-05-14 18:28:41,Sug'urta,No
224,UK508888,2025-05-03 08:07:08,2025-05-03 08:35:08,Yangi mashina ko‘rish,No
225,MS729083,2025-05-17 12:34:42,2025-05-17 13:16:42,Texnik maslahat,Yes
226,SO291612,2025-05-07 08:45:14,2025-05-07 10:08:14,Sug'urta,No
227,AU142312,2025-04-25 00:10:52,2025-04-25 00:56:52,Yangi mashina ko‘rish,No
228,PA339278,2025-05-12 05:22:17,2025-05-12 05:39:17,Servis,Yes
229,FL958651,2025-05-05 04:24:27,2025-05-05 05:10:27,Servis,Yes
230,CO741381,2025-04-25 05:18:21,2025-04-25 06:12:21,Servis,No
231,WC184021,2025-05-16 06:59:02,2025-05-16 07:38:02,Test drive,No
232,AQ623343,2025-04-27 02:21:32,2025-04-27 03:58:32,Texnik maslahat,Yes
233,CO741381,2025-05-08 10:42:14,2025-05-08 12:10:14,Test drive,Yes
234,VE015400,2025-05-15 10:09:21,2025-05-15 11:39:21,Yangi mashina ko‘rish,No
235,BF970420,2025-05-17 23:42:40,2025-05-18 00:07:40,Sug'urta,No
236,WF501933,2025-05-22 15:36:11,2025-05-22 15:56:11,Test drive,No
237,CH596636,2025-05-14 22:04:20,2025-05-14 22:37:20,Servis,Yes
238,FL958651,2025-05-17 13:43:45,2025-05-17 14:07:45,Sug'urta,No
239,WD974180,2025-05-04 01:45:30,2025-05-04 03:19:30,Texnik maslahat,No
240,KI606052,2025-05-24 18:07:52,2025-05-24 19:20:52,Servis,Yes
241,WP038699,2025-05-19 14:48:49,2025-05-19 16:29:49,Texnik maslahat,Yes
242,YC512220,2025-05-13 23:11:33,2025-05-14 00:13:33,Texnik maslahat,No
243,RW791626,2025-05-13 12:04:34,2025-05-13 13:21:34,Yangi mashina ko‘rish,Yes
244,BQ901822,2025-05-06 21:42:19,2025-05-06 22:57:19,Texnik maslahat,Yes
245,AO410325,2025-04-30 03:07:22,2025-04-30 04:20:22,Servis,Yes
246,UX777932,2025-05-01 02:46:34,2025-05-01 04:40:34,Texnik maslahat,No
247,ZK356229,2025-05-18 20:11:42,2025-05-18 21:43:42,Servis,No
248,FY105899,2025-05-03 13:46:59,2025-05-03 15:46:59,Texnik maslahat,No
249,PL386107,2025-04-26 06:39:43,2025-04-26 06:51:43,Sug'urta,Yes
250,VC664705,2025-05-21 18:51:37,2025-05-21 19:49:37,Sug'urta,Yes
251,LF497174,2025-05-12 15:47:35,2025-05-12 16:51:35,Test drive,Yes
252,KQ715722,2025-05-06 21:07:34,2025-05-06 21:44:34,Yangi mashina ko‘rish,Yes
253,GS105651,2025-05-02 22:08:55,2025-05-02 22:22:55,Yangi mashina ko‘rish,No
254,DJ436398,2025-05-17 21:26:14,2025-05-17 23:00:14,Yangi mashina ko‘rish,Yes
255,QT497800,2025-05-14 00:57:26,2025-05-14 02:56:26,Yangi mashina ko‘rish,No
256,FB007691,2025-04-27 22:02:26,2025-04-27 22:43:26,Sug'urta,Yes
257,BQ869549,2025-04-29 02:30:04,2025-04-29 02:52:04,Sug'urta,No
258,VL067788,2025-05-10 04:20:35,2025-05-10 05:13:35,Sug'urta,No
259,IH182630,2025-05-14 15:20:12,2025-05-14 15:35:12,Texnik maslahat,Yes
260,GJ395757,2025-05-17 07:42:00,2025-05-17 09:37:00,Test drive,Yes
261,FD657987,2025-05-18 14:01:47,2025-05-18 15:14:47,Sug'urta,Yes
262,GM492892,2025-04-26 06:05:05,2025-04-26 06:38:05,Yangi mashina ko‘rish,Yes
263,FG229815,2025-05-09 05:37:19,2025-05-09 06:41:19,Texnik maslahat,No
264,EV282035,2025-05-06 03:30:24,2025-05-06 04:23:24,Servis,Yes
265,HJ671021,2025-05-12 17:45:58,2025-05-12 18:34:58,Servis,No
266,UG900972,2025-05-12 21:18:56,2025-05-12 23:15:56,Yangi mashina ko‘rish,Yes
267,PL386107,2025-05-11 06:44:32,2025-05-11 08:13:32,Sug'urta,Yes
268,JW443837,2025-05-08 15:10:55,2025-05-08 15:41:55,Yangi mashina ko‘rish,Yes
269,QK256519,2025-05-02 15:22:41,2025-05-02 15:31:41,Sug'urta,Yes
270,MY050823,2025-05-20 22:27:03,2025-05-21 00:06:03,Yangi mashina ko‘rish,No
271,AA995260,2025-05-11 22:36:24,2025-05-11 23:10:24,Texnik maslahat,Yes
272,PD735687,2025-04-29 06:33:08,2025-04-29 08:28:08,Yangi mashina ko‘rish,Yes
273,HL039327,2025-05-06 11:05:32,2025-05-06 11:47:32,Servis,No
274,OK573016,2025-05-11 18:11:44,2025-05-11 19:32:44,Test drive,Yes
275,CL309205,2025-05-15 06:42:08,2025-05-15 08:39:08,Servis,Yes
276,XD543350,2025-05-06 11:22:07,2025-05-06 12:05:07,Test drive,Yes
277,XS746147,2025-05-16 18:32:46,2025-05-16 19:52:46,Servis,No
278,ZI958522,2025-05-15 16:34:40,2025-05-15 17:42:40,Yangi mashina ko‘rish,No
279,SF987018,2025-04-28 13:21:48,2025-04-28 14:48:48,Sug'urta,No
280,QG420787,2025-05-08 07:57:01,2025-05-08 08:55:01,Sug'urta,Yes
281,KA102166,2025-05-21 12:45:17,2025-05-21 13:38:17,Servis,No
282,JW443837,2025-04-28 16:50:32,2025-04-28 18:43:32,Servis,No
283,RZ829193,2025-05-22 02:44:19,2025-05-22 04:19:19,Servis,No
284,UJ827323,2025-05-08 10:53:15,2025-05-08 11:05:15,Texnik maslahat,No
285,RT495902,2025-05-15 13:18:21,2025-05-15 14:16:21,Texnik maslahat,Yes
286,DU937162,2025-05-07 21:15:35,2025-05-07 21:51:35,Test drive,Yes
287,LA534504,2025-05-18 09:25:40,2025-05-18 10:52:40,Yangi mashina ko‘rish,No
288,DF794092,2025-05-03 14:04:37,2025-05-03 14:56:37,Yangi mashina ko‘rish,Yes
289,BP015785,2025-05-01 09:03:30,2025-05-01 09:42:30,Sug'urta,Yes
290,XD248086,2025-05-12 23:49:05,2025-05-13 00:03:05,Servis,Yes
291,YR578002,2025-05-09 02:02:55,2025-05-09 02:33:55,Test drive,No
292,XE481116,2025-04-30 07:13:11,2025-04-30 07:19:11,Servis,Yes
293,CO908848,2025-05-22 19:08:47,2025-05-22 20:47:47,Yangi mashina ko‘rish,No
294,UJ827323,2025-04-28 19:12:27,2025-04-28 19:48:27,Texnik maslahat,Yes
295,WE057086,2025-04-27 07:23:35,2025-04-27 07:58:35,Texnik maslahat,No
296,IW553664,2025-05-15 22:39:45,2025-05-15 23:20:45,Sug'urta,No
297,AE970257,2025-05-06 08:03:36,2025-05-06 09:31:36,Test drive,No
298,CO741381,2025-05-09 09:46:12,2025-05-09 10:37:12,Texnik maslahat,No
299,UI971434,2025-05-07 00:58:52,2025-05-07 01:15:52,Sug'urta,No
300,UJ827323,2025-05-20 14:05:29,2025-05-20 14:36:29,Test drive,No
301,XD543350,2025-05-16 05:09:09,2025-05-16 05:19:09,Texnik maslahat,Yes
302,SU011274,2025-05-18 19:03:09,2025-05-18 19:26:09,Yangi mashina ko‘rish,No
303,DG498800,2025-04-27 23:09:44,2025-04-28 00:28:44,Texnik maslahat,No
304,CU712949,2025-05-18 19:23:51,2025-05-18 19:47:51,Servis,No
305,AJ358081,2025-05-20 03:28:13,2025-05-20 04:21:13,Texnik maslahat,Yes
306,JB409360,2025-05-17 15:17:26,2025-05-17 16:32:26,Test drive,No
307,IM459461,2025-05-17 02:42:18,2025-05-17 04:32:18,Sug'urta,No
308,HJ671021,2025-05-05 07:28:35,2025-05-05 07:54:35,Test drive,Yes
309,CE611512,2025-04-25 20:20:33,2025-04-25 21:57:33,Texnik maslahat,No
310,MD626630,2025-05-10 20:30:04,2025-05-10 22:28:04,Texnik maslahat,Yes
311,RX406813,2025-04-30 17:14:02,2025-04-30 17:23:02,Yangi mashina ko‘rish,Yes
312,QK851050,2025-04-29 00:00:53,2025-04-29 00:05:53,Sug'urta,Yes
313,LH173705,2025-05-19 14:27:15,2025-05-19 15:52:15,Servis,Yes
314,FY379005,2025-05-23 14:44:07,2025-05-23 15:08:07,Yangi mashina ko‘rish,Yes
315,TO049201,2025-05-05 12:25:44,2025-05-05 13:28:44,Test drive,Yes
316,DM091225,2025-05-07 08:42:42,2025-05-07 10:08:42,Texnik maslahat,No
317,IR186858,2025-04-25 08:04:23,2025-04-25 09:11:23,Yangi mashina ko‘rish,Yes
318,EV282035,2025-05-15 10:49:29,2025-05-15 12:04:29,Sug'urta,Yes
319,OU427050,2025-05-07 15:00:22,2025-05-07 16:12:22,Test drive,No
320,OU427050,2025-04-28 01:21:19,2025-04-28 02:30:19,Sug'urta,Yes
321,PV666036,2025-05-14 08:57:38,2025-05-14 09:14:38,Texnik maslahat,Yes
322,JW443837,2025-05-19 18:55:44,2025-05-19 19:24:44,Texnik maslahat,No
323,EU215052,2025-05-20 11:19:22,2025-05-20 12:09:22,Test drive,No
324,HS145569,2025-05-18 16:26:50,2025-05-18 17:18:50,Sug'urta,No
325,PB337202,2025-05-05 12:15:15,2025-05-05 12:51:15,Servis,No
326,MU658814,2025-05-11 03:18:51,2025-05-11 05:08:51,Yangi mashina ko‘rish,Yes
327,AS468305,2025-05-08 02:54:50,2025-05-08 03:50:50,Sug'urta,No
328,IO373497,2025-05-05 13:02:04,2025-05-05 14:07:04,Yangi mashina ko‘rish,Yes
329,LI330492,2025-04-30 21:55:44,2025-04-30 22:21:44,Yangi mashina ko‘rish,No
330,BN258407,2025-05-09 12:00:02,2025-05-09 13:00:02,Test drive,Yes
331,LM743425,2025-04-25 13:21:12,2025-04-25 14:33:12,Yangi mashina ko‘rish,Yes
332,MO354300,2025-05-22 05:27:14,2025-05-22 07:27:14,Texnik maslahat,No
333,CV106095,2025-05-07 14:53:39,2025-05-07 15:03:39,Yangi mashina ko‘rish,No
334,VZ547995,2025-05-20 01:08:14,2025-05-20 02:22:14,Texnik maslahat,Yes
335,FD657987,2025-05-04 21:40:05,2025-05-04 23:33:05,Test drive,Yes
336,CO908848,2025-05-24 09:19:56,2025-05-24 09:50:56,Texnik maslahat,Yes
337,WC184021,2025-05-16 14:47:07,2025-05-16 16:37:07,Sug'urta,Yes
338,KA102166,2025-05-13 10:48:42,2025-05-13 11:13:42,Texnik maslahat,Yes
339,XG843744,2025-05-12 11:09:39,2025-05-12 13:00:39,Sug'urta,No
340,KA999088,2025-04-30 18:47:28,2025-04-30 20:28:28,Servis,Yes
341,HH834603,2025-04-29 14:17:52,2025-04-29 15:57:52,Test drive,Yes
342,YK764743,2025-05-06 06:18:59,2025-05-06 07:18:59,Servis,Yes
343,PB459084,2025-05-01 21:30:09,2025-05-01 22:52:09,Texnik maslahat,No
344,BL668793,2025-04-26 14:00:54,2025-04-26 15:44:54,Test drive,Yes
345,CH804282,2025-04-26 17:30:46,2025-04-26 18:09:46,Sug'urta,No
346,FI081535,2025-05-16 15:05:33,2025-05-16 15:55:33,Texnik maslahat,No
347,RF492630,2025-05-20 04:57:36,2025-05-20 05:25:36,Texnik maslahat,No
348,AY992652,2025-05-14 21:19:47,2025-05-14 23:02:47,Texnik maslahat,No
349,XC009438,2025-04-25 05:33:28,2025-04-25 06:09:28,Yangi mashina ko‘rish,Yes
350,TA731031,2025-05-24 02:53:46,2025-05-24 03:17:46,Sug'urta,Yes
351,BF672379,2025-05-03 09:22:50,2025-05-03 10:16:50,Test drive,No
352,PV666036,2025-05-12 12:08:02,2025-05-12 12:24:02,Yangi mashina ko‘rish,No
353,TA985442,2025-05-16 14:19:52,2025-05-16 15:10:52,Test drive,Yes
354,UM238822,2025-05-05 16:18:01,2025-05-05 16:34:01,Servis,No
355,QW245533,2025-05-18 03:40:22,2025-05-18 04:56:22,Texnik maslahat,No
356,XT909524,2025-05-18 09:20:00,2025-05-18 09:28:00,Yangi mashina ko‘rish,No
357,DG498800,2025-04-26 14:41:02,2025-04-26 14:57:02,Texnik maslahat,No
358,EV937102,2025-05-17 10:00:20,2025-05-17 10:54:20,Yangi mashina ko‘rish,No
359,XD543350,2025-05-23 16:00:48,2025-05-23 16:54:48,Yangi mashina ko‘rish,Yes
360,FD524565,2025-05-06 04:29:18,2025-05-06 05:40:18,Servis,No
361,NZ312027,2025-04-30 00:15:30,2025-04-30 00:37:30,Test drive,No
362,TA731031,2025-05-11 07:48:21,2025-05-11 08:56:21,Servis,Yes
363,IQ549082,2025-05-22 10:45:07,2025-05-22 11:45:07,Test drive,No
364,KA102166,2025-04-25 00:49:53,2025-04-25 01:55:53,Yangi mashina ko‘rish,No
365,ZA037229,2025-05-23 20:06:53,2025-05-23 20:42:53,Sug'urta,Yes
366,LJ852635,2025-05-01 03:15:41,2025-05-01 03:33:41,Servis,No
367,GH156852,2025-05-07 20:32:34,2025-05-07 21:27:34,Test drive,No
368,RK046986,2025-05-01 02:25:50,2025-05-01 04:20:50,Test drive,No
369,XF724817,2025-05-04 23:57:35,2025-05-05 00:57:35,Texnik maslahat,Yes
370,KA102166,2025-04-26 08:09:36,2025-04-26 08:55:36,Texnik maslahat,Yes
371,YR578002,2025-05-12 12:43:58,2025-05-12 13:28:58,Servis,No
372,RT495902,2025-04-30 04:59:26,2025-04-30 05:44:26,Test drive,No
373,RT495902,2025-05-09 12:56:03,2025-05-09 14:14:03,Servis,No
374,IH182630,2025-04-29 08:23:50,2025-04-29 09:03:50,Sug'urta,No
375,IB832939,2025-05-05 13:47:35,2025-05-05 15:04:35,Servis,Yes
376,KT490361,2025-05-17 21:56:30,2025-05-17 23:39:30,Texnik maslahat,Yes
377,BF427353,2025-05-07 00:48:17,2025-05-07 02:26:17,Sug'urta,Yes
378,AA995260,2025-05-21 11:38:03,2025-05-21 13:25:03,Test drive,Yes
379,KV222446,2025-05-10 02:11:37,2025-05-10 04:04:37,Sug'urta,No
380,CE611512,2025-04-25 18:24:59,2025-04-25 19:50:59,Test drive,Yes
381,PE691618,2025-05-07 11:29:17,2025-05-07 12:58:17,Servis,No
382,MS729083,2025-05-11 19:53:42,2025-05-11 20:46:42,Yangi mashina ko‘rish,No
383,CD222018,2025-05-16 06:18:39,2025-05-16 07:24:39,Texnik maslahat,No
384,AE970257,2025-05-20 17:26:18,2025-05-20 18:35:18,Sug'urta,Yes
385,MS729083,2025-05-04 19:59:30,2025-05-04 20:50:30,Texnik maslahat,Yes
386,MT346340,2025-05-10 15:26:17,2025-05-10 17:09:17,Servis,No
387,IQ549082,2025-04-25 22:48:36,2025-04-26 00:15:36,Texnik maslahat,Yes
388,LG990818,2025-04-25 03:51:28,2025-04-25 05:18:28,Sug'urta,No
389,AU146661,2025-05-21 23:44:35,2025-05-22 01:30:35,Sug'urta,Yes
390,QO367620,2025-05-18 13:50:14,2025-05-18 14:07:14,Test drive,Yes
391,XP911746,2025-05-22 18:13:24,2025-05-22 19:53:24,Texnik maslahat,Yes
392,UA485043,2025-05-11 13:32:08,2025-05-11 14:24:08,Sug'urta,No
393,YT028371,2025-05-03 01:50:50,2025-05-03 03:21:50,Texnik maslahat,Yes
394,DJ436398,2025-05-12 14:24:05,2025-05-12 14:32:05,Sug'urta,Yes
395,CU712949,2025-05-24 04:44:08,2025-05-24 05:42:08,Yangi mashina ko‘rish,Yes
396,TZ540097,2025-04-28 18:39:03,2025-04-28 20:17:03,Servis,No
397,GF591075,2025-05-11 14:52:11,2025-05-11 15:40:11,Sug'urta,Yes
398,FR519379,2025-05-18 03:36:52,2025-05-18 04:42:52,Test drive,No
399,HP283314,2025-05-02 17:02:08,2025-05-02 18:03:08,Sug'urta,No
400,AZ730971,2025-05-15 00:46:31,2025-05-15 01:29:31,Yangi mashina ko‘rish,Yes
401,UC662954,2025-05-22 15:52:36,2025-05-22 17:45:36,Test drive,Yes
402,ZY439871,2025-04-29 21:41:04,2025-04-29 23:28:04,Servis,Yes
403,HJ662521,2025-05-14 10:07:18,2025-05-14 10:34:18,Texnik maslahat,Yes
404,LA534504,2025-05-14 05:38:19,2025-05-14 06:54:19,Sug'urta,No
405,KW658864,2025-04-29 00:07:06,2025-04-29 01:54:06,Sug'urta,Yes
406,XK679760,2025-05-14 16:22:40,2025-05-14 17:48:40,Sug'urta,No
407,EZ844890,2025-05-17 08:14:53,2025-05-17 09:53:53,Texnik maslahat,Yes
408,QF593339,2025-05-08 05:37:44,2025-05-08 06:57:44,Sug'urta,No
409,GC592470,2025-04-27 13:53:19,2025-04-27 15:28:19,Servis,Yes
410,TH513400,2025-05-06 19:38:12,2025-05-06 21:19:12,Yangi mashina ko‘rish,Yes
411,BQ858570,2025-05-08 14:49:23,2025-05-08 16:45:23,Texnik maslahat,Yes
412,YI798873,2025-05-21 12:19:49,2025-05-21 13:05:49,Servis,No
413,IB832939,2025-04-28 08:17:19,2025-04-28 08:55:19,Sug'urta,No
414,PU339919,2025-05-11 12:41:38,2025-05-11 13:35:38,Texnik maslahat,No
415,YM129241,2025-05-02 23:38:03,2025-05-02 23:57:03,Test drive,No
416,BN258407,2025-05-18 02:38:03,2025-05-18 03:41:03,Texnik maslahat,Yes
417,GF669307,2025-05-01 07:19:38,2025-05-01 08:50:38,Test drive,Yes
418,AI643949,2025-05-14 15:56:13,2025-05-14 16:18:13,Test drive,Yes
419,BC766179,2025-05-10 16:31:22,2025-05-10 17:15:22,Yangi mashina ko‘rish,Yes
420,BD249612,2025-05-21 19:32:44,2025-05-21 21:05:44,Servis,No
421,CL001202,2025-04-26 18:43:57,2025-04-26 20:04:57,Servis,No
422,DQ815037,2025-05-17 01:40:42,2025-05-17 02:08:42,Sug'urta,Yes
423,ZI958522,2025-04-30 21:59:25,2025-04-30 22:25:25,Sug'urta,No
424,CE611512,2025-05-11 05:58:44,2025-05-11 06:26:44,Test drive,No
425,PK080727,2025-05-24 08:34:56,2025-05-24 08:45:56,Test drive,Yes
426,DN776599,2025-05-09 17:21:00,2025-05-09 17:43:00,Servis,No
427,PM502637,2025-05-20 17:27:25,2025-05-20 18:43:25,Texnik maslahat,No
428,AN023255,2025-05-12 13:05:05,2025-05-12 14:37:05,Sug'urta,No
429,QL151652,2025-04-29 11:56:29,2025-04-29 13:48:29,Sug'urta,No
430,IQ549082,2025-04-26 01:44:07,2025-04-26 01:59:07,Texnik maslahat,Yes
431,MN486732,2025-04-29 22:06:03,2025-04-29 23:48:03,Servis,No
432,FB007691,2025-04-30 14:51:27,2025-04-30 15:31:27,Servis,No
433,NZ312027,2025-04-28 18:03:20,2025-04-28 19:47:20,Sug'urta,No
434,IN992541,2025-05-04 19:09:33,2025-05-04 20:19:33,Yangi mashina ko‘rish,Yes
435,TA731031,2025-05-23 19:40:22,2025-05-23 21:24:22,Texnik maslahat,No
436,OC400837,2025-04-27 17:33:19,2025-04-27 19:23:19,Yangi mashina ko‘rish,No
437,FK992068,2025-05-04 17:47:49,2025-05-04 18:19:49,Sug'urta,Yes
438,JM123084,2025-05-24 02:55:22,2025-05-24 04:46:22,Servis,No
439,XD248086,2025-05-09 17:00:44,2025-05-09 17:09:44,Sug'urta,No
440,YS624848,2025-04-25 07:54:37,2025-04-25 09:49:37,Yangi mashina ko‘rish,No
441,JM673829,2025-05-09 16:34:54,2025-05-09 16:54:54,Servis,Yes
442,ID038351,2025-05-05 01:38:11,2025-05-05 03:17:11,Texnik maslahat,No
443,NF820221,2025-05-12 22:18:15,2025-05-12 23:53:15,Texnik maslahat,No
444,TZ421951,2025-04-28 22:39:34,2025-04-29 00:02:34,Servis,Yes
445,GF669307,2025-05-02 05:33:57,2025-05-02 06:04:57,Yangi mashina ko‘rish,No
446,EV282035,2025-05-05 15:51:10,2025-05-05 16:31:10,Texnik maslahat,Yes
447,BR224250,2025-04-29 02:08:04,2025-04-29 03:43:04,Test drive,No
448,AO410325,2025-05-21 22:51:40,2025-05-21 23:30:40,Texnik maslahat,Yes
449,ZG655356,2025-04-28 18:21:21,2025-04-28 20:02:21,Sug'urta,Yes
450,MG537730,2025-05-01 10:42:59,2025-05-01 12:37:59,Servis,Yes
451,GM934687,2025-05-09 18:08:03,2025-05-09 18:31:03,Test drive,Yes
452,MO248980,2025-05-04 05:52:47,2025-05-04 07:44:47,Sug'urta,No
453,VD007186,2025-05-13 06:17:38,2025-05-13 07:35:38,Test drive,No
454,IH182630,2025-05-13 15:10:28,2025-05-13 16:12:28,Yangi mashina ko‘rish,Yes
455,XR994958,2025-04-25 10:02:07,2025-04-25 11:12:07,Test drive,No
456,DC702714,2025-04-26 22:32:44,2025-04-26 23:39:44,Test drive,Yes
457,QU892549,2025-05-05 21:19:45,2025-05-05 23:03:45,Yangi mashina ko‘rish,No
458,EY573350,2025-04-26 00:19:02,2025-04-26 01:49:02,Test drive,Yes
459,MN486732,2025-05-04 22:23:07,2025-05-04 23:36:07,Sug'urta,Yes
460,RT495902,2025-04-28 23:10:02,2025-04-29 00:09:02,Servis,No
461,TA731031,2025-05-21 21:33:40,2025-05-21 22:19:40,Test drive,No
462,WU437083,2025-04-30 05:45:15,2025-04-30 07:03:15,Servis,No
463,QE660675,2025-04-30 17:16:48,2025-04-30 18:04:48,Yangi mashina ko‘rish,Yes
464,YK764743,2025-04-28 06:09:24,2025-04-28 07:34:24,Sug'urta,Yes
465,KO445852,2025-04-25 16:37:48,2025-04-25 18:31:48,Servis,No
466,OK641531,2025-05-13 22:14:29,2025-05-13 22:19:29,Sug'urta,Yes
467,VX739254,2025-05-23 07:00:07,2025-05-23 07:21:07,Test drive,Yes
468,XD248086,2025-05-18 10:17:27,2025-05-18 12:14:27,Test drive,Yes
469,PC108010,2025-04-27 20:29:07,2025-04-27 21:20:07,Test drive,Yes
470,UC088727,2025-05-05 23:40:37,2025-05-06 01:10:37,Servis,Yes
471,KQ715722,2025-05-08 23:18:27,2025-05-09 00:43:27,Test drive,Yes
472,RG380520,2025-05-06 11:15:31,2025-05-06 12:43:31,Yangi mashina ko‘rish,Yes
473,AW832772,2025-05-08 22:46:36,2025-05-08 23:18:36,Sug'urta,Yes
474,UM238822,2025-05-04 01:15:58,2025-05-04 02:35:58,Servis,No
475,MC059800,2025-05-17 16:09:30,2025-05-17 16:15:30,Test drive,Yes
476,NF820221,2025-04-27 11:45:53,2025-04-27 12:44:53,Servis,No
477,FS299021,2025-05-07 00:36:54,2025-05-07 01:10:54,Sug'urta,Yes
478,MQ859134,2025-05-12 04:20:17,2025-05-12 06:08:17,Yangi mashina ko‘rish,Yes
479,HP797974,2025-05-17 23:58:28,2025-05-18 00:50:28,Test drive,Yes
480,WH561973,2025-04-26 16:14:09,2025-04-26 17:58:09,Servis,Yes
481,KT465665,2025-05-24 04:52:04,2025-05-24 06:04:04,Texnik maslahat,Yes
482,NN540317,2025-05-04 02:14:22,2025-05-04 03:42:22,Servis,No
483,ZC428931,2025-04-30 19:13:57,2025-04-30 20:50:57,Servis,Yes
484,JS847087,2025-04-25 16:42:09,2025-04-25 17:39:09,Texnik maslahat,No
485,NF820221,2025-04-29 01:00:50,2025-04-29 01:32:50,Yangi mashina ko‘rish,Yes
486,CE611512,2025-05-07 09:30:25,2025-05-07 11:11:25,Yangi mashina ko‘rish,No
487,ZC428931,2025-05-20 08:32:39,2025-05-20 09:31:39,Test drive,Yes
488,QF098491,2025-05-18 23:58:23,2025-05-19 00:38:23,Yangi mashina ko‘rish,Yes
489,DG498800,2025-05-18 22:57:50,2025-05-19 00:18:50,Texnik maslahat,No
490,RP535093,2025-05-19 13:20:44,2025-05-19 14:53:44,Yangi mashina ko‘rish,No
491,BZ450935,2025-05-09 21:39:12,2025-05-09 22:50:12,Texnik maslahat,Yes
492,RS082874,2025-05-16 07:49:25,2025-05-16 08:44:25,Test drive,Yes
493,JE809919,2025-05-09 09:28:23,2025-05-09 11:27:23,Servis,No
494,EQ878819,2025-05-19 06:56:32,2025-05-19 07:15:32,Servis,No
495,QR163306,2025-04-27 11:52:33,2025-04-27 13:13:33,Yangi mashina ko‘rish,Yes
496,XD278835,2025-05-23 18:03:31,2025-05-23 18:48:31,Servis,No
497,NF820221,2025-05-08 03:49:48,2025-05-08 05:41:48,Texnik maslahat,No
498,YI798873,2025-05-21 06:25:06,2025-05-21 07:39:06,Servis,No
499,QI000696,2025-05-13 17:09:29,2025-05-13 18:52:29,Yangi mashina ko‘rish,Yes
500,YM129241,2025-05-23 09:37:58,2025-05-23 09:50:58,Yangi mashina ko‘rish,No
501,KF035543,2025-05-12 12:02:42,2025-05-12 12:12:42,Yangi mashina ko‘rish,No
502,TA595785,2025-05-09 23:00:34,2025-05-09 23:41:34,Texnik maslahat,No
503,DQ815037,2025-05-01 05:47:48,2025-05-01 07:21:48,Sug'urta,Yes
504,WZ866680,2025-05-04 18:07:22,2025-05-04 19:20:22,Texnik maslahat,Yes
505,TH513400,2025-05-14 04:48:24,2025-05-14 05:03:24,Test drive,Yes
506,XP911746,2025-05-17 09:34:24,2025-05-17 10:05:24,Servis,No
507,IT031196,2025-05-03 18:39:07,2025-05-03 19:59:07,Yangi mashina ko‘rish,No
508,XI507764,2025-05-17 00:29:42,2025-05-17 01:29:42,Servis,Yes
509,MY050823,2025-04-30 09:13:41,2025-04-30 09:29:41,Sug'urta,Yes
510,DC702714,2025-04-30 07:41:02,2025-04-30 09:04:02,Texnik maslahat,Yes
511,SI729005,2025-05-09 00:21:09,2025-05-09 01:51:09,Servis,Yes
512,PO234137,2025-05-14 13:06:11,2025-05-14 14:41:11,Servis,Yes
513,CN045199,2025-05-19 05:28:57,2025-05-19 06:36:57,Test drive,No
514,IQ549082,2025-05-17 15:14:21,2025-05-17 16:06:21,Servis,No
515,YS254598,2025-04-25 10:35:18,2025-04-25 12:33:18,Yangi mashina ko‘rish,Yes
516,XF724817,2025-05-19 12:49:46,2025-05-19 14:37:46,Sug'urta,No
517,RX406813,2025-05-09 18:58:23,2025-05-09 19:11:23,Test drive,Yes
518,TA199980,2025-04-27 05:02:48,2025-04-27 06:05:48,Texnik maslahat,No
519,LA042722,2025-04-27 22:53:19,2025-04-28 00:01:19,Texnik maslahat,Yes
520,VC414842,2025-05-21 01:00:36,2025-05-21 01:25:36,Test drive,Yes
521,RL024880,2025-05-18 17:35:18,2025-05-18 18:53:18,Yangi mashina ko‘rish,Yes
522,SU011274,2025-05-14 07:25:37,2025-05-14 08:35:37,Yangi mashina ko‘rish,Yes
523,RZ829193,2025-05-19 15:00:50,2025-05-19 16:55:50,Yangi mashina ko‘rish,Yes
524,YQ888526,2025-05-18 21:41:46,2025-05-18 22:46:46,Test drive,No
525,IC344245,2025-04-29 17:05:51,2025-04-29 17:29:51,Servis,Yes
526,DG498800,2025-05-02 21:47:40,2025-05-02 23:34:40,Sug'urta,Yes
527,WI267842,2025-04-30 09:39:05,2025-04-30 10:15:05,Sug'urta,No
528,CV106095,2025-04-28 05:42:14,2025-04-28 07:32:14,Yangi mashina ko‘rish,No
529,PD476101,2025-04-28 02:19:17,2025-04-28 03:28:17,Yangi mashina ko‘rish,Yes
530,WQ468958,2025-05-11 03:26:50,2025-05-11 05:13:50,Texnik maslahat,Yes
531,QI000696,2025-05-08 23:14:38,2025-05-09 00:10:38,Yangi mashina ko‘rish,No
532,JM673829,2025-05-10 15:02:10,2025-05-10 15:43:10,Test drive,No
533,AZ550325,2025-05-20 06:27:50,2025-05-20 07:42:50,Sug'urta,Yes
534,VC414842,2025-04-28 01:41:25,2025-04-28 02:11:25,Test drive,No
535,BF672379,2025-05-18 02:37:08,2025-05-18 04:01:08,Servis,No
536,VC414842,2025-05-23 05:44:04,2025-05-23 07:04:04,Sug'urta,Yes
537,YS254598,2025-04-30 06:54:07,2025-04-30 08:54:07,Texnik maslahat,Yes
538,DC865485,2025-05-05 05:14:24,2025-05-05 05:19:24,Sug'urta,Yes
539,CO313678,2025-04-29 23:02:03,2025-04-30 00:16:03,Test drive,Yes
540,JP748011,2025-05-10 23:04:29,2025-05-10 23:51:29,Yangi mashina ko‘rish,No
541,RG552877,2025-04-25 07:40:28,2025-04-25 09:19:28,Test drive,Yes
542,BZ450935,2025-05-04 17:46:08,2025-05-04 18:58:08,Servis,No
543,BH335500,2025-05-04 04:29:41,2025-05-04 04:41:41,Servis,No
544,AS468305,2025-04-27 19:49:18,2025-04-27 19:59:18,Servis,No
545,ZY866035,2025-05-03 04:16:52,2025-05-03 06:15:52,Test drive,No
546,MT014386,2025-05-17 17:15:47,2025-05-17 18:55:47,Yangi mashina ko‘rish,Yes
547,TO049201,2025-05-13 12:49:15,2025-05-13 13:11:15,Sug'urta,Yes
548,OY361223,2025-04-28 19:27:07,2025-04-28 20:44:07,Yangi mashina ko‘rish,No
549,EL632538,2025-05-02 09:28:41,2025-05-02 09:49:41,Servis,No
550,CO741381,2025-05-06 16:00:19,2025-05-06 17:53:19,Test drive,No
551,ZY866035,2025-05-14 15:40:09,2025-05-14 17:31:09,Test drive,No
552,JO482086,2025-04-27 10:21:26,2025-04-27 11:00:26,Servis,Yes
553,RH270937,2025-05-19 16:26:31,2025-05-19 16:56:31,Servis,Yes
554,DR438326,2025-05-10 09:25:16,2025-05-10 09:43:16,Servis,No
555,UI971434,2025-05-02 11:03:59,2025-05-02 11:48:59,Sug'urta,Yes
556,ED415257,2025-05-21 20:49:03,2025-05-21 21:39:03,Servis,No
557,BF970420,2025-05-15 06:08:35,2025-05-15 07:12:35,Test drive,Yes
558,FY105899,2025-04-25 14:51:09,2025-04-25 15:16:09,Test drive,Yes
559,KF035543,2025-05-23 22:18:02,2025-05-24 00:09:02,Test drive,Yes
560,FY105899,2025-05-20 21:03:02,2025-05-20 22:39:02,Servis,No
561,KQ715722,2025-05-09 09:31:36,2025-05-09 10:41:36,Yangi mashina ko‘rish,No
562,CO741381,2025-05-10 20:39:32,2025-05-10 22:28:32,Servis,Yes
563,BF427353,2025-04-27 13:29:16,2025-04-27 14:25:16,Sug'urta,Yes
564,LQ891341,2025-05-03 17:52:13,2025-05-03 18:56:13,Yangi mashina ko‘rish,Yes
565,TI093728,2025-05-11 06:14:17,2025-05-11 06:20:17,Yangi mashina ko‘rish,Yes
566,GJ186185,2025-05-08 02:46:12,2025-05-08 03:16:12,Sug'urta,No
567,EV655595,2025-05-02 13:31:03,2025-05-02 14:56:03,Yangi mashina ko‘rish,No
568,UB804113,2025-05-05 09:56:26,2025-05-05 11:45:26,Yangi mashina ko‘rish,Yes
569,CB994275,2025-05-19 09:45:51,2025-05-19 10:15:51,Sug'urta,Yes
570,AS468305,2025-04-29 20:56:17,2025-04-29 22:56:17,Test drive,Yes
571,MA856786,2025-05-02 08:13:04,2025-05-02 09:17:04,Yangi mashina ko‘rish,Yes
572,GL847490,2025-05-08 11:09:47,2025-05-08 12:27:47,Sug'urta,No
573,TA199980,2025-05-18 18:51:41,2025-05-18 18:59:41,Sug'urta,No
574,RB777901,2025-05-10 10:48:43,2025-05-10 11:38:43,Servis,Yes
575,GP305978,2025-05-22 04:27:41,2025-05-22 05:07:41,Sug'urta,Yes
576,YI042711,2025-05-12 10:44:02,2025-05-12 12:07:02,Texnik maslahat,Yes
577,TX138100,2025-05-12 23:33:24,2025-05-13 00:15:24,Sug'urta,No
578,TE541979,2025-05-12 16:18:27,2025-05-12 17:33:27,Sug'urta,Yes
579,AZ550325,2025-05-23 15:44:01,2025-05-23 16:24:01,Sug'urta,Yes
580,CL001202,2025-05-15 08:23:06,2025-05-15 08:53:06,Texnik maslahat,Yes
581,FG549279,2025-05-20 17:16:46,2025-05-20 19:03:46,Texnik maslahat,Yes
582,WH561973,2025-05-13 18:31:01,2025-05-13 20:16:01,Test drive,No
583,WH928485,2025-05-14 23:55:19,2025-05-15 01:40:19,Sug'urta,No
584,HC101941,2025-05-13 13:57:47,2025-05-13 15:14:47,Texnik maslahat,No
585,DU937162,2025-05-19 09:46:47,2025-05-19 10:25:47,Servis,Yes
586,BB582377,2025-05-16 09:59:21,2025-05-16 11:20:21,Servis,Yes
587,LM743425,2025-05-08 23:03:29,2025-05-09 00:51:29,Test drive,Yes
588,PL386107,2025-05-02 19:32:31,2025-05-02 20:37:31,Texnik maslahat,No
589,QB352172,2025-05-09 08:50:00,2025-05-09 10:09:00,Servis,Yes
590,CM441400,2025-05-15 19:33:23,2025-05-15 20:09:23,Servis,No
591,AE970257,2025-05-02 23:12:03,2025-05-03 01:01:03,Yangi mashina ko‘rish,Yes
592,RW333752,2025-05-14 20:04:35,2025-05-14 21:57:35,Sug'urta,No
593,QT497800,2025-05-05 18:09:34,2025-05-05 20:01:34,Servis,Yes
594,YO393437,2025-05-18 17:39:57,2025-05-18 18:59:57,Test drive,No
595,HC101941,2025-05-09 12:40:29,2025-05-09 14:00:29,Yangi mashina ko‘rish,No
596,OW676610,2025-05-11 01:59:39,2025-05-11 03:16:39,Texnik maslahat,Yes
597,LG990818,2025-05-01 22:35:26,2025-05-01 23:04:26,Sug'urta,No
598,SO291612,2025-05-05 06:42:02,2025-05-05 07:49:02,Yangi mashina ko‘rish,Yes
599,LA042722,2025-04-25 05:14:16,2025-04-25 05:48:16,Texnik maslahat,Yes
600,KS808564,2025-05-20 23:33:28,2025-05-21 00:45:28,Sug'urta,Yes
601,LA534504,2025-05-06 06:45:40,2025-05-06 08:08:40,Servis,Yes
602,PB459084,2025-05-17 04:21:13,2025-05-17 05:57:13,Servis,No
603,KY263445,2025-05-22 03:20:51,2025-05-22 03:27:51,Servis,Yes
604,MH485287,2025-05-23 07:36:16,2025-05-23 07:55:16,Texnik maslahat,No
605,TO886072,2025-05-06 00:20:37,2025-05-06 00:34:37,Test drive,No
606,YM129241,2025-04-27 00:06:35,2025-04-27 00:23:35,Test drive,No
607,BR224250,2025-05-06 13:40:22,2025-05-06 14:02:22,Servis,No
608,WR077037,2025-05-19 14:16:26,2025-05-19 15:42:26,Sug'urta,No
609,SO291612,2025-04-28 09:10:23,2025-04-28 10:45:23,Texnik maslahat,No
610,WQ468958,2025-05-05 10:33:20,2025-05-05 12:03:20,Texnik maslahat,Yes
611,MC699288,2025-05-08 12:31:36,2025-05-08 13:15:36,Test drive,Yes
612,JY050669,2025-05-18 06:00:42,2025-05-18 07:38:42,Yangi mashina ko‘rish,No
613,YB353728,2025-05-01 12:04:12,2025-05-01 13:47:12,Texnik maslahat,Yes
614,HT365532,2025-05-10 07:02:22,2025-05-10 08:24:22,Test drive,Yes
615,WZ866680,2025-05-13 15:38:49,2025-05-13 16:55:49,Yangi mashina ko‘rish,No
616,VD007186,2025-04-29 20:54:22,2025-04-29 21:41:22,Yangi mashina ko‘rish,Yes
617,DH791629,2025-05-24 17:52:27,2025-05-24 18:37:27,Servis,Yes
618,QD220010,2025-04-30 08:12:47,2025-04-30 09:47:47,Test drive,No
619,QO367620,2025-05-19 20:26:37,2025-05-19 21:04:37,Servis,Yes
620,AR524396,2025-05-19 19:41:49,2025-05-19 19:54:49,Test drive,No
621,MW355440,2025-04-27 03:16:08,2025-04-27 03:34:08,Yangi mashina ko‘rish,Yes
622,EQ878819,2025-05-23 03:09:22,2025-05-23 04:10:22,Sug'urta,Yes
623,JJ511450,2025-05-04 07:26:44,2025-05-04 08:23:44,Sug'urta,No
624,ZC428931,2025-05-19 07:36:57,2025-05-19 08:50:57,Sug'urta,Yes
625,BQ901822,2025-05-05 00:31:18,2025-05-05 01:37:18,Texnik maslahat,Yes
626,CN045199,2025-05-02 07:36:43,2025-05-02 08:38:43,Yangi mashina ko‘rish,Yes
627,EI027869,2025-04-26 00:27:18,2025-04-26 00:34:18,Test drive,No
628,BF427353,2025-05-01 16:34:57,2025-05-01 16:52:57,Yangi mashina ko‘rish,No
629,NB493107,2025-04-30 12:15:23,2025-04-30 14:13:23,Sug'urta,Yes
630,MQ859134,2025-05-06 19:46:26,2025-05-06 20:00:26,Texnik maslahat,Yes
631,PV233835,2025-05-14 06:39:25,2025-05-14 08:00:25,Texnik maslahat,No
632,GZ125466,2025-05-24 14:32:03,2025-05-24 14:40:03,Sug'urta,Yes
633,HG123952,2025-05-24 20:07:30,2025-05-24 22:05:30,Sug'urta,Yes
634,KQ908481,2025-05-05 05:12:28,2025-05-05 05:29:28,Test drive,Yes
635,MT014386,2025-05-23 16:39:02,2025-05-23 17:08:02,Sug'urta,No
636,EW724659,2025-04-25 18:49:35,2025-04-25 19:30:35,Test drive,Yes
637,HP283314,2025-05-03 13:32:07,2025-05-03 13:43:07,Sug'urta,No
638,HA797763,2025-05-07 11:22:26,2025-05-07 11:33:26,Test drive,Yes
639,QM084128,2025-04-27 05:05:28,2025-04-27 05:21:28,Test drive,No
640,AK174351,2025-05-19 09:12:13,2025-05-19 09:29:13,Yangi mashina ko‘rish,Yes
641,NB493107,2025-05-16 13:03:29,2025-05-16 14:29:29,Test drive,Yes
642,WI977310,2025-05-04 00:32:43,2025-05-04 02:25:43,Yangi mashina ko‘rish,No
643,JE809919,2025-05-11 11:03:33,2025-05-11 11:58:33,Sug'urta,No
644,LM743425,2025-05-06 14:23:00,2025-05-06 15:52:00,Test drive,Yes
645,DM053835,2025-04-25 07:35:27,2025-04-25 08:49:27,Sug'urta,Yes
646,FS133240,2025-05-21 06:49:01,2025-05-21 08:47:01,Sug'urta,No
647,XK679760,2025-05-23 10:55:36,2025-05-23 11:57:36,Yangi mashina ko‘rish,No
648,AB836190,2025-05-10 20:40:35,2025-05-10 21:44:35,Test drive,Yes
649,BB736190,2025-04-25 02:41:13,2025-04-25 03:20:13,Texnik maslahat,Yes
650,DC865485,2025-05-21 15:43:00,2025-05-21 17:24:00,Yangi mashina ko‘rish,Yes
651,PA339278,2025-05-16 22:59:50,2025-05-16 23:48:50,Texnik maslahat,No
652,VH441566,2025-05-09 14:35:50,2025-05-09 16:16:50,Texnik maslahat,Yes
653,DG498800,2025-05-13 01:12:10,2025-05-13 01:24:10,Sug'urta,No
654,AU146661,2025-04-27 22:59:26,2025-04-28 00:12:26,Sug'urta,Yes
655,SW320596,2025-05-10 06:58:09,2025-05-10 07:41:09,Yangi mashina ko‘rish,No
656,UE431916,2025-05-22 17:29:30,2025-05-22 19:23:30,Yangi mashina ko‘rish,Yes
657,PD476101,2025-04-25 18:52:18,2025-04-25 20:33:18,Sug'urta,Yes
658,OW676610,2025-04-25 01:14:02,2025-04-25 01:40:02,Servis,Yes
659,VL615351,2025-05-22 15:58:46,2025-05-22 16:08:46,Sug'urta,Yes
660,KT490361,2025-05-17 15:19:45,2025-05-17 16:19:45,Servis,Yes
661,SL713600,2025-05-07 04:05:39,2025-05-07 05:26:39,Test drive,No
662,WT362982,2025-05-04 20:25:36,2025-05-04 22:03:36,Yangi mashina ko‘rish,Yes
663,DU937162,2025-05-02 02:59:18,2025-05-02 04:15:18,Sug'urta,No
664,VR166136,2025-05-06 16:46:55,2025-05-06 17:26:55,Texnik maslahat,No
665,UB804113,2025-05-12 19:18:24,2025-05-12 21:14:24,Yangi mashina ko‘rish,No
666,SG489945,2025-05-22 08:32:51,2025-05-22 09:30:51,Servis,Yes
667,XG843744,2025-05-08 15:02:50,2025-05-08 16:22:50,Texnik maslahat,Yes
668,GL847490,2025-05-20 00:49:19,2025-05-20 01:07:19,Texnik maslahat,Yes
669,MW355440,2025-05-19 14:44:47,2025-05-19 15:25:47,Texnik maslahat,No
670,ZI158913,2025-05-12 11:35:47,2025-05-12 12:32:47,Test drive,No
671,PC108010,2025-05-09 06:19:34,2025-05-09 07:26:34,Texnik maslahat,No
672,TE898493,2025-05-08 00:31:45,2025-05-08 00:58:45,Test drive,No
673,VU442207,2025-05-02 02:37:22,2025-05-02 04:01:22,Texnik maslahat,No
674,TE898493,2025-05-03 06:10:09,2025-05-03 07:05:09,Test drive,Yes
675,BG383782,2025-05-10 04:23:46,2025-05-10 06:03:46,Sug'urta,No
676,CN232104,2025-05-24 15:44:49,2025-05-24 16:36:49,Yangi mashina ko‘rish,No
677,TS398772,2025-05-18 13:09:48,2025-05-18 14:55:48,Test drive,No
678,VL826215,2025-05-24 08:45:04,2025-05-24 10:37:04,Sug'urta,Yes
679,VH441566,2025-05-15 17:08:16,2025-05-15 19:04:16,Servis,Yes
680,KA102166,2025-05-06 16:11:47,2025-05-06 17:51:47,Sug'urta,No
681,TA731031,2025-05-09 14:31:29,2025-05-09 16:09:29,Sug'urta,Yes
682,UG900972,2025-05-24 00:52:52,2025-05-24 01:53:52,Servis,No
683,SU011274,2025-04-25 05:50:31,2025-04-25 06:57:31,Texnik maslahat,No
684,QD220010,2025-04-25 12:32:22,2025-04-25 12:44:22,Texnik maslahat,Yes
685,CB994275,2025-04-28 19:23:11,2025-04-28 20:07:11,Texnik maslahat,No
686,ZG655356,2025-05-04 04:02:45,2025-05-04 05:46:45,Texnik maslahat,Yes
687,RB777901,2025-05-02 02:24:43,2025-05-02 02:53:43,Servis,Yes
688,GM934687,2025-05-13 10:22:30,2025-05-13 10:31:30,Sug'urta,Yes
689,JS847087,2025-05-08 22:59:01,2025-05-08 23:50:01,Servis,No
690,VC414842,2025-05-15 07:49:34,2025-05-15 09:39:34,Sug'urta,No
691,EY573350,2025-05-23 12:49:18,2025-05-23 13:09:18,Yangi mashina ko‘rish,Yes
692,UC088727,2025-05-13 04:54:35,2025-05-13 06:01:35,Texnik maslahat,No
693,JY050669,2025-05-09 08:32:40,2025-05-09 10:28:40,Sug'urta,No
694,DJ436398,2025-05-04 12:33:56,2025-05-04 12:58:56,Test drive,Yes
695,NS621820,2025-04-29 08:52:08,2025-04-29 09:00:08,Sug'urta,Yes
696,CN045199,2025-05-02 07:32:51,2025-05-02 09:26:51,Texnik maslahat,Yes
697,VR166136,2025-05-21 07:38:43,2025-05-21 08:11:43,Servis,Yes
698,TA731031,2025-05-09 03:43:23,2025-05-09 05:11:23,Sug'urta,Yes
699,EV937102,2025-05-21 12:06:41,2025-05-21 13:50:41,Yangi mashina ko‘rish,No
700,WT362982,2025-04-25 03:54:16,2025-04-25 04:15:16,Servis,Yes
701,WQ468958,2025-04-30 04:10:53,2025-04-30 04:47:53,Texnik maslahat,No
702,ZZ778568,2025-04-29 20:19:46,2025-04-29 21:54:46,Test drive,No
703,LM743425,2025-04-25 23:32:49,2025-04-26 00:25:49,Test drive,No
704,PE691618,2025-05-23 04:17:39,2025-05-23 04:49:39,Sug'urta,No
705,ZY439871,2025-05-23 10:56:01,2025-05-23 12:07:01,Texnik maslahat,No
706,AH704928,2025-05-15 06:26:20,2025-05-15 06:44:20,Yangi mashina ko‘rish,No
707,ZR160437,2025-05-03 22:53:59,2025-05-04 00:20:59,Texnik maslahat,No
708,FG229815,2025-05-12 20:36:31,2025-05-12 22:08:31,Yangi mashina ko‘rish,No
709,TY985744,2025-04-28 05:22:03,2025-04-28 06:10:03,Test drive,No
710,CL844856,2025-05-01 10:28:41,2025-05-01 11:08:41,Test drive,No
711,UG900972,2025-04-29 22:42:50,2025-04-29 23:06:50,Texnik maslahat,Yes
712,VZ547995,2025-04-27 00:15:11,2025-04-27 00:27:11,Texnik maslahat,No
713,EW724659,2025-05-02 05:55:22,2025-05-02 06:40:22,Servis,Yes
714,PC108010,2025-05-08 11:54:08,2025-05-08 13:02:08,Test drive,No
715,KG648007,2025-05-16 14:47:04,2025-05-16 15:45:04,Sug'urta,No
716,QG503792,2025-05-11 16:16:18,2025-05-11 16:25:18,Texnik maslahat,Yes
717,BB768153,2025-05-03 00:24:21,2025-05-03 02:01:21,Servis,No
718,KG648007,2025-05-22 17:54:48,2025-05-22 19:24:48,Test drive,No
719,BN258407,2025-05-11 13:59:07,2025-05-11 14:25:07,Texnik maslahat,Yes
720,EI027869,2025-05-09 03:04:21,2025-05-09 03:21:21,Sug'urta,Yes
721,SU011274,2025-05-22 02:00:09,2025-05-22 02:38:09,Texnik maslahat,Yes
722,WB833321,2025-05-20 02:31:39,2025-05-20 04:03:39,Test drive,Yes
723,XF390643,2025-05-22 20:03:06,2025-05-22 20:53:06,Servis,No
724,VC474349,2025-04-25 18:16:34,2025-04-25 20:01:34,Test drive,No
725,CO741381,2025-05-12 13:02:51,2025-05-12 14:21:51,Test drive,No
726,YB353728,2025-05-08 14:37:59,2025-05-08 14:57:59,Sug'urta,Yes
727,JM673829,2025-04-29 07:40:26,2025-04-29 09:06:26,Texnik maslahat,Yes
728,MD586821,2025-04-30 12:26:32,2025-04-30 14:24:32,Servis,Yes
729,QU892549,2025-05-19 01:47:51,2025-05-19 03:19:51,Sug'urta,No
730,XD543350,2025-04-25 03:14:18,2025-04-25 03:25:18,Servis,Yes
731,AK174351,2025-04-27 01:27:56,2025-04-27 02:15:56,Sug'urta,No
732,VU442207,2025-05-17 03:08:18,2025-05-17 03:53:18,Servis,Yes
733,KT691526,2025-05-21 06:29:34,2025-05-21 07:16:34,Servis,No
734,CH804282,2025-05-18 08:09:11,2025-05-18 08:21:11,Yangi mashina ko‘rish,No
735,GP305978,2025-05-17 14:10:12,2025-05-17 14:41:12,Servis,Yes
736,GT846552,2025-05-24 11:01:20,2025-05-24 12:46:20,Yangi mashina ko‘rish,Yes
737,CH596636,2025-05-01 16:12:41,2025-05-01 17:12:41,Sug'urta,No
738,RG380520,2025-05-22 19:24:01,2025-05-22 20:30:01,Sug'urta,Yes
739,TE898493,2025-05-10 23:14:37,2025-05-11 00:27:37,Servis,No
740,JP748011,2025-05-10 12:40:22,2025-05-10 12:46:22,Test drive,Yes
741,DK385493,2025-05-08 10:22:28,2025-05-08 11:53:28,Yangi mashina ko‘rish,Yes
742,YY423564,2025-05-19 18:06:47,2025-05-19 19:39:47,Test drive,No
743,GJ186185,2025-04-28 20:42:25,2025-04-28 21:00:25,Sug'urta,No
744,IQ549082,2025-05-11 02:54:46,2025-05-11 03:07:46,Yangi mashina ko‘rish,No
745,OW676610,2025-05-16 17:22:04,2025-05-16 18:04:04,Sug'urta,No
746,BI673967,2025-04-28 04:06:30,2025-04-28 06:04:30,Servis,No
747,CS465186,2025-04-26 19:31:11,2025-04-26 20:38:11,Test drive,Yes
748,TZ421951,2025-05-17 23:13:10,2025-05-18 01:01:10,Sug'urta,Yes
749,FI081535,2025-05-02 12:33:40,2025-05-02 13:06:40,Servis,Yes
750,YS254598,2025-04-27 06:18:20,2025-04-27 06:25:20,Texnik maslahat,Yes
751,KO445852,2025-05-11 14:50:14,2025-05-11 15:41:14,Yangi mashina ko‘rish,No
752,BI412987,2025-04-27 17:17:49,2025-04-27 18:43:49,Test drive,Yes
753,QK256519,2025-05-06 09:35:18,2025-05-06 09:46:18,Yangi mashina ko‘rish,Yes
754,UD195961,2025-04-25 01:06:58,2025-04-25 02:39:58,Yangi mashina ko‘rish,No
755,TA985442,2025-05-12 16:51:41,2025-05-12 17:44:41,Yangi mashina ko‘rish,No
756,WI977310,2025-05-24 19:38:52,2025-05-24 21:12:52,Servis,Yes
757,RX577567,2025-04-28 01:33:22,2025-04-28 03:05:22,Yangi mashina ko‘rish,No
758,VC474349,2025-05-18 15:00:08,2025-05-18 16:29:08,Yangi mashina ko‘rish,No
759,ZM213142,2025-04-30 02:10:49,2025-04-30 03:32:49,Servis,No
760,TZ540097,2025-05-05 04:24:40,2025-05-05 06:24:40,Yangi mashina ko‘rish,Yes
761,LI671833,2025-05-07 06:45:46,2025-05-07 07:04:46,Yangi mashina ko‘rish,No
762,LC559019,2025-05-21 15:09:42,2025-05-21 16:31:42,Servis,No
763,TZ540097,2025-05-09 07:18:01,2025-05-09 08:29:01,Servis,No
764,GZ125466,2025-05-12 12:47:27,2025-05-12 13:44:27,Test drive,Yes
765,EA553610,2025-05-23 06:38:32,2025-05-23 07:53:32,Sug'urta,Yes
766,VX739254,2025-05-10 21:48:10,2025-05-10 22:54:10,Test drive,Yes
767,MW059038,2025-04-29 23:29:51,2025-04-29 23:35:51,Yangi mashina ko‘rish,Yes
768,SL713600,2025-05-21 19:27:04,2025-05-21 20:45:04,Sug'urta,Yes
769,JP748011,2025-04-27 03:25:28,2025-04-27 03:41:28,Texnik maslahat,Yes
770,KK987842,2025-05-02 05:38:09,2025-05-02 07:15:09,Yangi mashina ko‘rish,No
771,AH023539,2025-05-05 05:23:45,2025-05-05 05:57:45,Sug'urta,No
772,BU204910,2025-05-05 14:55:36,2025-05-05 15:59:36,Yangi mashina ko‘rish,Yes
773,GF669307,2025-05-11 13:28:01,2025-05-11 13:55:01,Yangi mashina ko‘rish,No
774,XD278835,2025-04-26 04:59:20,2025-04-26 06:46:20,Test drive,No
775,BF672379,2025-05-17 10:39:42,2025-05-17 10:58:42,Yangi mashina ko‘rish,Yes
776,MC059800,2025-04-25 10:18:10,2025-04-25 12:12:10,Servis,Yes
777,GT728030,2025-05-24 12:14:03,2025-05-24 13:04:03,Sug'urta,No
778,ZI158913,2025-05-16 05:29:15,2025-05-16 07:07:15,Yangi mashina ko‘rish,No
779,EU215052,2025-05-06 18:10:36,2025-05-06 18:58:36,Servis,Yes
780,ML983879,2025-05-23 13:39:59,2025-05-23 14:35:59,Sug'urta,No
781,SL713600,2025-04-28 19:54:26,2025-04-28 20:48:26,Sug'urta,No
782,EQ555296,2025-05-21 18:24:38,2025-05-21 20:22:38,Servis,Yes
783,UM238822,2025-05-04 12:47:18,2025-05-04 14:21:18,Yangi mashina ko‘rish,Yes
784,WH420541,2025-04-25 13:46:12,2025-04-25 14:44:12,Texnik maslahat,No
785,FN270759,2025-05-17 17:40:07,2025-05-17 18:57:07,Sug'urta,Yes
786,NN540317,2025-05-02 23:22:23,2025-05-03 00:15:23,Test drive,Yes
787,CL844856,2025-05-24 04:23:21,2025-05-24 05:55:21,Servis,No
788,IC344245,2025-05-06 10:44:35,2025-05-06 11:51:35,Yangi mashina ko‘rish,No
789,AB836190,2025-05-13 11:58:45,2025-05-13 12:08:45,Yangi mashina ko‘rish,No
790,PC108010,2025-05-21 06:26:09,2025-05-21 07:11:09,Yangi mashina ko‘rish,Yes
791,XE481116,2025-04-25 16:42:02,2025-04-25 18:12:02,Test drive,Yes
792,RF492630,2025-05-05 03:24:46,2025-05-05 04:53:46,Servis,No
793,DH791629,2025-05-19 15:40:04,2025-05-19 17:09:04,Sug'urta,Yes
794,SM094999,2025-05-08 01:58:52,2025-05-08 03:48:52,Texnik maslahat,Yes
795,QO367620,2025-05-08 21:43:19,2025-05-08 23:10:19,Servis,No
796,FU999889,2025-05-19 08:31:12,2025-05-19 09:39:12,Servis,Yes
797,GZ454811,2025-05-15 23:58:07,2025-05-16 01:05:07,Test drive,Yes
798,LA534504,2025-04-28 07:32:53,2025-04-28 08:12:53,Yangi mashina ko‘rish,Yes
799,IN992541,2025-05-16 05:33:59,2025-05-16 07:00:59,Sug'urta,No
800,TS398772,2025-05-09 22:22:13,2025-05-09 22:57:13,Yangi mashina ko‘rish,No
801,TA985442,2025-05-14 08:42:47,2025-05-14 10:29:47,Texnik maslahat,No
802,SJ936427,2025-04-29 00:08:17,2025-04-29 02:02:17,Sug'urta,No
803,MA714247,2025-05-13 16:27:36,2025-05-13 16:47:36,Sug'urta,Yes
804,XT909524,2025-05-11 12:16:39,2025-05-11 13:12:39,Sug'urta,Yes
805,XS746147,2025-05-04 07:29:09,2025-05-04 08:44:09,Yangi mashina ko‘rish,Yes
806,WR077037,2025-05-23 23:09:21,2025-05-24 00:31:21,Texnik maslahat,No
807,LU145034,2025-05-07 09:18:18,2025-05-07 10:28:18,Texnik maslahat,Yes
808,PC108010,2025-04-27 01:51:01,2025-04-27 03:21:01,Sug'urta,No
809,HE789547,2025-05-17 21:04:51,2025-05-17 22:54:51,Yangi mashina ko‘rish,Yes
810,BN258407,2025-05-05 10:26:05,2025-05-05 11:29:05,Test drive,No
811,TR017125,2025-05-16 03:28:00,2025-05-16 04:57:00,Test drive,No
812,IB832939,2025-05-04 18:23:10,2025-05-04 18:40:10,Servis,Yes
813,PB459084,2025-05-02 09:27:11,2025-05-02 10:17:11,Test drive,No
814,LI330492,2025-05-19 01:24:22,2025-05-19 01:42:22,Yangi mashina ko‘rish,Yes
815,YJ496549,2025-05-07 18:34:31,2025-05-07 18:56:31,Sug'urta,Yes
816,RR124784,2025-05-06 10:25:27,2025-05-06 11:48:27,Servis,Yes
817,PD476101,2025-05-15 00:33:32,2025-05-15 02:27:32,Sug'urta,Yes
818,LJ852635,2025-05-09 08:37:41,2025-05-09 10:27:41,Servis,No
819,MT346340,2025-05-17 02:36:50,2025-05-17 04:17:50,Sug'urta,Yes
820,XM412219,2025-05-22 13:29:53,2025-05-22 14:55:53,Texnik maslahat,Yes
821,YT028371,2025-05-21 20:07:43,2025-05-21 22:06:43,Sug'urta,No
822,IR186858,2025-05-01 22:26:18,2025-05-01 23:46:18,Texnik maslahat,Yes
823,PM502637,2025-05-10 13:29:27,2025-05-10 14:37:27,Yangi mashina ko‘rish,Yes
824,DG498800,2025-05-12 18:44:24,2025-05-12 19:44:24,Texnik maslahat,No
825,GL847490,2025-04-29 03:03:50,2025-04-29 04:13:50,Servis,Yes
826,MQ859134,2025-05-13 08:10:13,2025-05-13 09:59:13,Servis,Yes
827,DU937162,2025-05-17 08:08:33,2025-05-17 09:37:33,Texnik maslahat,No
828,TO049201,2025-05-21 18:13:56,2025-05-21 20:10:56,Sug'urta,No
829,KF034600,2025-05-23 00:29:26,2025-05-23 02:02:26,Servis,No
830,WE057086,2025-05-13 19:06:30,2025-05-13 19:54:30,Test drive,No
831,WX286297,2025-05-07 05:41:36,2025-05-07 06:03:36,Servis,No
832,MF104047,2025-05-03 05:33:04,2025-05-03 07:07:04,Texnik maslahat,No
833,LH173705,2025-04-27 02:09:53,2025-04-27 03:43:53,Texnik maslahat,No
834,ZZ778568,2025-05-08 04:54:19,2025-05-08 06:33:19,Texnik maslahat,Yes
835,AK174351,2025-05-10 12:22:50,2025-05-10 12:53:50,Texnik maslahat,No
836,EV655595,2025-04-28 22:18:40,2025-04-28 23:07:40,Servis,Yes
837,HL039327,2025-04-27 15:53:00,2025-04-27 17:07:00,Test drive,Yes
838,MO248980,2025-04-26 13:05:30,2025-04-26 13:55:30,Texnik maslahat,No
839,AQ623343,2025-04-25 06:41:01,2025-04-25 07:59:01,Sug'urta,No
840,ZI158913,2025-05-13 13:32:39,2025-05-13 15:25:39,Sug'urta,Yes
841,UD277288,2025-05-14 03:00:16,2025-05-14 03:18:16,Yangi mashina ko‘rish,No
842,OT965060,2025-05-13 19:57:08,2025-05-13 20:08:08,Yangi mashina ko‘rish,Yes
843,IS847907,2025-05-14 06:07:17,2025-05-14 07:48:17,Servis,No
844,KT490361,2025-05-05 14:26:06,2025-05-05 15:03:06,Servis,Yes
845,WF501933,2025-05-16 10:02:58,2025-05-16 11:47:58,Test drive,Yes
846,WC184021,2025-05-12 00:04:09,2025-05-12 01:18:09,Yangi mashina ko‘rish,No
847,GF669307,2025-05-21 10:07:29,2025-05-21 11:09:29,Yangi mashina ko‘rish,Yes
848,ZH049013,2025-05-13 03:35:33,2025-05-13 05:02:33,Texnik maslahat,No
849,YO393437,2025-05-03 12:02:14,2025-05-03 13:12:14,Test drive,Yes
850,XM412219,2025-04-28 07:06:56,2025-04-28 07:59:56,Sug'urta,No
851,XE481116,2025-05-22 03:54:21,2025-05-22 05:39:21,Test drive,Yes
852,PO234137,2025-05-21 17:45:27,2025-05-21 19:25:27,Test drive,Yes
853,PK080727,2025-05-24 05:02:36,2025-05-24 06:58:36,Sug'urta,Yes
854,WT362982,2025-05-07 18:54:50,2025-05-07 20:20:50,Test drive,Yes
855,IW553664,2025-05-14 01:29:02,2025-05-14 03:06:02,Servis,No
856,QW245533,2025-04-28 04:41:14,2025-04-28 05:08:14,Yangi mashina ko‘rish,Yes
857,CO908848,2025-05-22 19:34:03,2025-05-22 20:01:03,Texnik maslahat,Yes
858,MC699288,2025-05-23 20:24:47,2025-05-23 20:34:47,Sug'urta,No
859,ZI958522,2025-05-18 23:17:00,2025-05-18 23:55:00,Servis,Yes
860,AH704928,2025-04-29 22:51:00,2025-04-30 00:44:00,Test drive,Yes
861,LA534504,2025-04-26 19:08:26,2025-04-26 20:12:26,Servis,Yes
862,HA797763,2025-05-16 16:23:21,2025-05-16 17:09:21,Texnik maslahat,Yes
863,MH485287,2025-05-19 18:13:01,2025-05-19 19:38:01,Texnik maslahat,No
864,BH335500,2025-05-09 04:29:32,2025-05-09 06:15:32,Texnik maslahat,No
865,KQ354540,2025-05-03 05:00:37,2025-05-03 06:45:37,Test drive,Yes
866,XE481116,2025-05-18 11:07:25,2025-05-18 11:35:25,Texnik maslahat,Yes
867,MW355440,2025-05-09 00:54:23,2025-05-09 02:03:23,Servis,No
868,WH928485,2025-04-30 23:59:50,2025-05-01 01:12:50,Sug'urta,Yes
869,YS624848,2025-05-17 12:01:37,2025-05-17 12:34:37,Servis,No
870,LA534504,2025-04-30 15:12:47,2025-04-30 16:03:47,Test drive,Yes
871,JP748011,2025-05-16 11:44:28,2025-05-16 13:25:28,Texnik maslahat,No
872,ZR160437,2025-05-02 06:24:38,2025-05-02 08:14:38,Yangi mashina ko‘rish,Yes
873,PA339278,2025-05-10 04:19:55,2025-05-10 05:08:55,Sug'urta,Yes
874,OG951639,2025-05-02 03:00:00,2025-05-02 04:27:00,Texnik maslahat,Yes
875,FE544109,2025-05-05 10:07:45,2025-05-05 10:17:45,Test drive,No
876,UJ827323,2025-05-20 16:23:01,2025-05-20 18:09:01,Yangi mashina ko‘rish,No
877,YO707286,2025-05-14 23:21:12,2025-05-15 00:35:12,Test drive,Yes
878,WT362982,2025-04-30 22:03:40,2025-04-30 23:14:40,Test drive,No
879,KT691526,2025-05-01 11:50:30,2025-05-01 12:00:30,Test drive,Yes
880,WI267842,2025-05-09 00:42:57,2025-05-09 01:52:57,Yangi mashina ko‘rish,Yes
881,IQ549082,2025-05-19 06:03:37,2025-05-19 07:46:37,Texnik maslahat,Yes
882,GP892189,2025-05-02 03:07:15,2025-05-02 03:20:15,Servis,Yes
883,EV937102,2025-05-15 15:18:42,2025-05-15 16:50:42,Sug'urta,Yes
884,BZ450935,2025-05-11 07:44:59,2025-05-11 08:57:59,Sug'urta,Yes
885,RS082874,2025-05-11 04:29:15,2025-05-11 06:01:15,Servis,Yes
886,HJ671021,2025-05-13 10:06:51,2025-05-13 11:42:51,Test drive,Yes
887,AZ550325,2025-05-09 14:18:10,2025-05-09 14:32:10,Yangi mashina ko‘rish,Yes
888,AF548109,2025-05-23 01:33:30,2025-05-23 02:10:30,Texnik maslahat,Yes
889,RW333752,2025-05-15 04:22:27,2025-05-15 06:12:27,Servis,No
890,ZI656779,2025-05-01 06:07:57,2025-05-01 07:01:57,Sug'urta,No
891,RF492630,2025-05-16 05:29:24,2025-05-16 06:14:24,Yangi mashina ko‘rish,No
892,AI643949,2025-05-17 15:31:27,2025-05-17 15:51:27,Texnik maslahat,Yes
893,DM053835,2025-05-18 04:08:25,2025-05-18 05:45:25,Texnik maslahat,Yes
894,KI606052,2025-05-02 23:23:30,2025-05-03 01:03:30,Texnik maslahat,Yes
895,ZY866035,2025-05-20 22:16:01,2025-05-21 00:09:01,Yangi mashina ko‘rish,No
896,XH977786,2025-05-23 08:25:46,2025-05-23 09:34:46,Yangi mashina ko‘rish,No
897,MW355440,2025-05-19 19:31:37,2025-05-19 21:03:37,Test drive,Yes
898,LI671833,2025-04-25 18:42:55,2025-04-25 20:24:55,Sug'urta,No
899,KQ715722,2025-05-21 18:54:35,2025-05-21 20:44:35,Yangi mashina ko‘rish,No
900,FW275267,2025-05-06 13:20:52,2025-05-06 14:33:52,Servis,Yes
901,RS082874,2025-05-16 17:52:33,2025-05-16 18:47:33,Texnik maslahat,No
902,TO886072,2025-04-26 02:08:20,2025-04-26 03:34:20,Servis,No
903,ZY439871,2025-05-10 12:28:05,2025-05-10 14:26:05,Test drive,Yes
904,DG498800,2025-05-08 14:11:44,2025-05-08 16:07:44,Texnik maslahat,Yes
905,KO445852,2025-05-04 16:46:41,2025-05-04 16:56:41,Yangi mashina ko‘rish,No
906,UR253141,2025-05-16 02:38:35,2025-05-16 03:53:35,Yangi mashina ko‘rish,No
907,MK554500,2025-05-20 15:15:05,2025-05-20 16:55:05,Test drive,Yes
908,XD543350,2025-05-13 04:37:07,2025-05-13 06:37:07,Texnik maslahat,Yes
909,MU254611,2025-04-29 22:30:21,2025-04-29 22:58:21,Servis,No
910,GD421266,2025-05-01 21:55:41,2025-05-01 22:14:41,Servis,Yes
911,YB353728,2025-04-27 05:11:16,2025-04-27 06:52:16,Texnik maslahat,No
912,LX746464,2025-04-28 11:37:50,2025-04-28 12:52:50,Yangi mashina ko‘rish,No
913,NO718404,2025-05-18 20:33:50,2025-05-18 20:46:50,Test drive,Yes
914,LC559019,2025-05-22 05:33:25,2025-05-22 07:10:25,Texnik maslahat,No
915,BF427353,2025-05-22 03:54:12,2025-05-22 04:41:12,Test drive,Yes
916,NO718404,2025-04-25 03:45:12,2025-04-25 05:13:12,Servis,Yes
917,NS621820,2025-04-28 05:13:42,2025-04-28 06:37:42,Yangi mashina ko‘rish,Yes
918,AS544918,2025-04-27 18:14:32,2025-04-27 19:21:32,Sug'urta,No
919,FC914020,2025-05-15 15:03:10,2025-05-15 16:32:10,Test drive,Yes
920,PB337202,2025-05-04 20:10:15,2025-05-04 21:27:15,Test drive,No
921,FE544109,2025-04-27 14:56:03,2025-04-27 15:55:03,Servis,Yes
922,HP797974,2025-05-10 13:12:49,2025-05-10 13:48:49,Servis,No
923,MG537730,2025-05-06 09:24:03,2025-05-06 11:16:03,Test drive,Yes
924,CM293294,2025-05-13 20:49:34,2025-05-13 22:27:34,Test drive,No
925,FS896087,2025-05-12 00:43:20,2025-05-12 01:45:20,Test drive,No
926,KT691526,2025-05-15 07:07:49,2025-05-15 08:22:49,Yangi mashina ko‘rish,Yes
927,LX746464,2025-05-21 17:47:01,2025-05-21 19:09:01,Yangi mashina ko‘rish,No
928,RZ829193,2025-05-23 02:48:56,2025-05-23 04:38:56,Servis,Yes
929,ET367134,2025-05-06 09:55:36,2025-05-06 11:33:36,Yangi mashina ko‘rish,Yes
930,VL067788,2025-05-08 05:39:58,2025-05-08 05:46:58,Texnik maslahat,Yes
931,GF669307,2025-05-15 07:03:16,2025-05-15 08:22:16,Texnik maslahat,No
932,BQ869549,2025-05-02 12:32:16,2025-05-02 13:52:16,Servis,Yes
933,IO373497,2025-04-30 21:26:24,2025-04-30 22:04:24,Texnik maslahat,No
934,GJ395757,2025-04-27 23:25:46,2025-04-28 01:09:46,Servis,No
935,IT031196,2025-05-08 12:04:11,2025-05-08 12:37:11,Texnik maslahat,No
936,GE081803,2025-05-14 15:18:00,2025-05-14 16:22:00,Texnik maslahat,Yes
937,WE057086,2025-05-21 15:37:28,2025-05-21 16:28:28,Texnik maslahat,Yes
938,EL632538,2025-04-29 10:46:48,2025-04-29 11:21:48,Texnik maslahat,Yes
939,KI606052,2025-05-18 17:56:40,2025-05-18 19:06:40,Servis,No
940,SQ802246,2025-05-22 23:14:17,2025-05-22 23:41:17,Texnik maslahat,Yes
941,JM123084,2025-05-13 05:29:07,2025-05-13 07:07:07,Sug'urta,No
942,EA553610,2025-05-22 10:03:22,2025-05-22 10:36:22,Sug'urta,Yes
943,TY985744,2025-05-11 17:00:52,2025-05-11 17:38:52,Test drive,Yes
944,MA856786,2025-04-30 06:05:01,2025-04-30 07:35:01,Servis,No
945,DU937162,2025-05-12 09:39:37,2025-05-12 10:44:37,Sug'urta,Yes
946,EA553610,2025-05-10 19:42:11,2025-05-10 21:10:11,Test drive,Yes
947,GZ125466,2025-05-17 06:46:42,2025-05-17 07:57:42,Test drive,No
948,GS105651,2025-05-24 20:01:50,2025-05-24 21:15:50,Texnik maslahat,Yes
949,IH182630,2025-04-27 21:29:52,2025-04-27 22:57:52,Sug'urta,No
950,YM129241,2025-05-03 06:40:07,2025-05-03 08:08:07,Yangi mashina ko‘rish,No
951,IH182630,2025-05-10 05:41:50,2025-05-10 06:14:50,Texnik maslahat,No
952,OS702615,2025-05-22 02:18:27,2025-05-22 04:07:27,Test drive,No
953,WR077037,2025-05-11 13:17:40,2025-05-11 14:23:40,Texnik maslahat,Yes
954,HH834603,2025-05-20 19:56:09,2025-05-20 21:53:09,Servis,No
955,TZ421951,2025-04-25 19:43:12,2025-04-25 20:17:12,Yangi mashina ko‘rish,No
956,MO354300,2025-05-04 05:26:30,2025-05-04 05:50:30,Servis,Yes
957,GD872186,2025-05-15 11:41:41,2025-05-15 13:03:41,Yangi mashina ko‘rish,Yes
958,WD974180,2025-04-30 08:55:39,2025-04-30 10:43:39,Test drive,Yes
959,YL097749,2025-05-17 20:47:14,2025-05-17 22:18:14,Sug'urta,No
960,MK554500,2025-05-23 08:32:04,2025-05-23 09:52:04,Servis,No
961,UC662954,2025-05-18 18:09:41,2025-05-18 18:45:41,Yangi mashina ko‘rish,Yes
962,AO410325,2025-05-04 10:49:08,2025-05-04 12:09:08,Servis,Yes
963,FG549279,2025-05-07 00:18:38,2025-05-07 01:28:38,Yangi mashina ko‘rish,Yes
964,LA042722,2025-05-22 16:40:16,2025-05-22 17:06:16,Test drive,Yes
965,HJ662521,2025-05-21 00:03:29,2025-05-21 00:59:29,Texnik maslahat,Yes
966,ZI158913,2025-05-16 01:31:13,2025-05-16 03:08:13,Test drive,Yes
967,KF035543,2025-05-17 18:56:05,2025-05-17 19:58:05,Texnik maslahat,No
968,QU892549,2025-04-28 17:51:05,2025-04-28 18:57:05,Servis,Yes
969,TZ540097,2025-05-21 08:00:04,2025-05-21 08:57:04,Texnik maslahat,Yes
970,AF548109,2025-05-07 00:32:40,2025-05-07 01:51:40,Servis,No
971,IQ549082,2025-05-05 04:40:06,2025-05-05 06:17:06,Test drive,No
972,PU339919,2025-05-08 03:01:05,2025-05-08 04:21:05,Yangi mashina ko‘rish,Yes
973,MC699288,2025-04-27 01:26:41,2025-04-27 02:20:41,Servis,Yes
974,OU427050,2025-05-06 04:47:24,2025-05-06 05:17:24,Texnik maslahat,No
975,ON528583,2025-05-06 21:47:07,2025-05-06 22:11:07,Texnik maslahat,Yes
976,JY050669,2025-05-16 19:49:42,2025-05-16 20:54:42,Texnik maslahat,Yes
977,ZI158913,2025-04-29 09:24:12,2025-04-29 11:09:12,Texnik maslahat,Yes
978,AS468305,2025-05-10 18:30:38,2025-05-10 19:36:38,Servis,Yes
979,CN232104,2025-05-19 15:24:10,2025-05-19 17:08:10,Sug'urta,No
980,FS133240,2025-05-15 15:47:20,2025-05-15 17:43:20,Yangi mashina ko‘rish,No
981,AJ358081,2025-05-16 10:13:56,2025-05-16 12:00:56,Sug'urta,No
982,ZC428931,2025-05-07 18:28:45,2025-05-07 19:48:45,Texnik maslahat,Yes
983,BR131395,2025-04-25 04:35:07,2025-04-25 04:57:07,Test drive,No
984,QB352172,2025-04-26 14:36:52,2025-04-26 15:10:52,Yangi mashina ko‘rish,No
985,CD222018,2025-05-13 11:03:04,2025-05-13 13:00:04,Texnik maslahat,No
986,YO707286,2025-05-11 02:12:02,2025-05-11 02:41:02,Yangi mashina ko‘rish,Yes
987,OK573016,2025-05-21 00:09:20,2025-05-21 01:20:20,Yangi mashina ko‘rish,Yes
988,IH182630,2025-05-10 16:50:31,2025-05-10 18:18:31,Servis,No
989,AN023255,2025-05-23 04:29:42,2025-05-23 05:20:42,Yangi mashina ko‘rish,Yes
990,QM084128,2025-05-23 03:34:18,2025-05-23 05:02:18,Texnik maslahat,No
991,CO741381,2025-04-29 12:05:59,2025-04-29 13:59:59,Texnik maslahat,No
992,PB337202,2025-04-27 15:59:32,2025-04-27 16:50:32,Texnik maslahat,No
993,WP038699,2025-05-01 01:58:41,2025-05-01 02:53:41,Servis,No
994,IO373497,2025-05-04 06:24:09,2025-05-04 08:09:09,Texnik maslahat,No
995,FD657987,2025-05-13 15:56:49,2025-05-13 16:48:49,Texnik maslahat,No
996,PE691618,2025-05-16 17:46:29,2025-05-16 18:30:29,Texnik maslahat,No
997,MH485287,2025-05-15 22:04:01,2025-05-15 23:39:01,Sug'urta,Yes
998,GH690724,2025-05-16 11:26:15,2025-05-16 13:21:15,Yangi mashina ko‘rish,Yes
999,UA485043,2025-04-30 18:12:55,2025-04-30 19:57:55,Servis,Yes
1000,SM019475,2025-05-07 00:37:00,2025-05-07 01:47:00,Sug'urta,No
1001,FN270759,2025-05-13 15:20:25,2025-05-13 16:35:25,Texnik maslahat,Yes
1002,MU254611,2025-04-26 08:04:46,2025-04-26 08:58:46,Yangi mashina ko‘rish,Yes
1003,JB963593,2025-04-30 15:36:22,2025-04-30 15:59:22,Sug'urta,No
1004,SJ936427,2025-05-12 23:56:00,2025-05-13 00:09:00,Test drive,Yes
1005,FS133240,2025-05-05 05:58:44,2025-05-05 06:13:44,Texnik maslahat,Yes
1006,KK987842,2025-05-04 06:25:58,2025-05-04 07:19:58,Sug'urta,No
1007,ZZ778568,2025-05-24 18:33:08,2025-05-24 19:54:08,Yangi mashina ko‘rish,Yes
1008,WZ866680,2025-05-09 17:23:01,2025-05-09 18:31:01,Sug'urta,Yes
1009,LY095509,2025-04-26 21:58:18,2025-04-26 23:51:18,Texnik maslahat,No
1010,GD421266,2025-05-16 17:33:22,2025-05-16 17:42:22,Texnik maslahat,Yes
1011,CH596636,2025-05-14 06:16:39,2025-05-14 06:42:39,Yangi mashina ko‘rish,No
1012,BC766179,2025-05-14 05:14:50,2025-05-14 06:42:50,Yangi mashina ko‘rish,Yes
1013,AZ550325,2025-05-01 05:20:06,2025-05-01 06:00:06,Sug'urta,No
1014,PA339278,2025-05-08 04:29:52,2025-05-08 05:24:52,Sug'urta,Yes
1015,JB465640,2025-05-08 08:49:37,2025-05-08 08:55:37,Yangi mashina ko‘rish,Yes
1016,IN992541,2025-05-08 16:35:11,2025-05-08 17:16:11,Texnik maslahat,No
1017,DH791629,2025-05-22 23:48:56,2025-05-23 01:37:56,Test drive,Yes
1018,HG123952,2025-05-13 20:02:18,2025-05-13 20:31:18,Sug'urta,No
1019,RW333752,2025-04-27 07:11:20,2025-04-27 07:16:20,Test drive,Yes
1020,ZI656779,2025-04-26 02:45:28,2025-04-26 03:54:28,Yangi mashina ko‘rish,Yes
1021,HL039327,2025-05-07 07:33:09,2025-05-07 08:15:09,Test drive,Yes
1022,RK046986,2025-05-22 18:37:18,2025-05-22 19:47:18,Test drive,No
1023,RX577567,2025-04-26 01:30:28,2025-04-26 02:31:28,Sug'urta,No
1024,VX783034,2025-05-19 08:51:16,2025-05-19 09:27:16,Test drive,No
1025,WP038699,2025-04-30 14:16:20,2025-04-30 15:19:20,Texnik maslahat,Yes
1026,YL097749,2025-05-06 10:53:58,2025-05-06 11:12:58,Test drive,Yes
1027,WH561973,2025-05-20 03:28:36,2025-05-20 04:54:36,Servis,Yes
1028,BQ858570,2025-05-10 15:38:07,2025-05-10 16:23:07,Sug'urta,No
1029,HJ662521,2025-05-24 18:01:25,2025-05-24 19:14:25,Yangi mashina ko‘rish,No
1030,GM934687,2025-05-24 06:45:50,2025-05-24 07:26:50,Yangi mashina ko‘rish,No
1031,AI643949,2025-05-04 12:31:11,2025-05-04 14:11:11,Test drive,Yes
1032,DG498800,2025-05-06 16:30:58,2025-05-06 16:57:58,Sug'urta,No
1033,BX890753,2025-04-28 17:52:33,2025-04-28 18:24:33,Texnik maslahat,No
1034,HT365532,2025-04-26 06:05:48,2025-04-26 07:45:48,Servis,No
1035,QG503792,2025-05-04 17:52:57,2025-05-04 18:22:57,Servis,Yes
1036,TN030198,2025-04-25 22:49:18,2025-04-25 23:27:18,Servis,Yes
1037,LY095509,2025-04-29 23:54:02,2025-04-30 01:45:02,Servis,No
1038,DR438326,2025-05-07 01:28:59,2025-05-07 03:12:59,Yangi mashina ko‘rish,Yes
1039,IC344245,2025-05-22 02:03:51,2025-05-22 02:18:51,Sug'urta,Yes
1040,QK851050,2025-05-05 21:37:15,2025-05-05 23:31:15,Texnik maslahat,Yes
1041,RG552877,2025-05-03 11:28:21,2025-05-03 12:34:21,Test drive,No
1042,YJ496549,2025-05-02 11:31:17,2025-05-02 13:30:17,Texnik maslahat,No
1043,BH335500,2025-04-28 15:16:50,2025-04-28 15:44:50,Texnik maslahat,No
1044,WE057086,2025-05-12 23:04:58,2025-05-12 23:37:58,Texnik maslahat,Yes
1045,KQ908481,2025-05-09 16:52:10,2025-05-09 18:04:10,Sug'urta,No
1046,NV306156,2025-05-15 18:03:28,2025-05-15 19:17:28,Yangi mashina ko‘rish,No
1047,PV383197,2025-05-10 01:32:33,2025-05-10 03:27:33,Servis,No
1048,QZ304636,2025-05-22 03:21:48,2025-05-22 03:41:48,Texnik maslahat,No
1049,MA714247,2025-05-01 13:54:16,2025-05-01 15:27:16,Yangi mashina ko‘rish,Yes
1050,NJ915506,2025-05-14 23:22:34,2025-05-14 23:53:34,Sug'urta,Yes
1051,YF353060,2025-05-03 23:28:38,2025-05-04 00:19:38,Texnik maslahat,No
1052,XK679760,2025-05-11 17:16:56,2025-05-11 18:31:56,Test drive,Yes
1053,TA731031,2025-05-23 19:24:35,2025-05-23 20:29:35,Texnik maslahat,No
1054,YI798873,2025-04-27 05:36:29,2025-04-27 06:04:29,Sug'urta,No
1055,MK554500,2025-05-18 23:35:05,2025-05-19 00:33:05,Test drive,No
1056,GH690724,2025-05-08 03:57:26,2025-05-08 04:53:26,Test drive,No
1057,QM332544,2025-05-14 14:54:06,2025-05-14 16:12:06,Servis,Yes
1058,GF669307,2025-05-20 12:39:29,2025-05-20 12:56:29,Test drive,Yes
1059,ZI958522,2025-05-16 12:09:38,2025-05-16 13:09:38,Sug'urta,Yes
1060,OT965060,2025-05-12 13:11:17,2025-05-12 14:58:17,Servis,No
1061,WX286297,2025-05-21 21:26:34,2025-05-21 21:32:34,Servis,No
1062,JB409360,2025-05-05 10:23:37,2025-05-05 10:45:37,Texnik maslahat,No
1063,MW355440,2025-05-18 07:01:11,2025-05-18 08:08:11,Test drive,No
1064,ZR160437,2025-04-26 15:42:00,2025-04-26 17:36:00,Texnik maslahat,Yes
1065,WE057086,2025-05-06 22:19:33,2025-05-06 22:36:33,Servis,Yes
1066,KF035543,2025-05-14 08:04:12,2025-05-14 09:53:12,Test drive,No
1067,SM094999,2025-05-02 11:12:36,2025-05-02 12:37:36,Yangi mashina ko‘rish,No
1068,RU468672,2025-05-16 13:33:54,2025-05-16 14:20:54,Test drive,No
1069,XD278835,2025-05-03 06:45:24,2025-05-03 08:01:24,Texnik maslahat,No
1070,DJ436398,2025-05-09 02:24:55,2025-05-09 02:31:55,Sug'urta,Yes
1071,ZC428931,2025-05-09 00:52:17,2025-05-09 02:48:17,Texnik maslahat,Yes
1072,OK573016,2025-05-03 23:46:35,2025-05-04 01:04:35,Texnik maslahat,Yes
1073,GV765934,2025-04-28 05:21:06,2025-04-28 06:02:06,Test drive,No
1074,AI643949,2025-05-02 21:24:16,2025-05-02 22:34:16,Sug'urta,No
1075,LU145034,2025-05-24 16:39:46,2025-05-24 16:54:46,Sug'urta,No
1076,VQ592754,2025-04-26 14:37:31,2025-04-26 16:02:31,Servis,Yes
1077,WZ866680,2025-05-04 06:33:13,2025-05-04 08:21:13,Test drive,No
1078,LI889803,2025-04-26 17:02:50,2025-04-26 18:25:50,Texnik maslahat,No
1079,RG552877,2025-05-18 13:27:45,2025-05-18 13:41:45,Yangi mashina ko‘rish,Yes
1080,BB768153,2025-05-13 09:39:35,2025-05-13 10:13:35,Test drive,No
1081,GJ395757,2025-05-13 05:04:24,2025-05-13 05:46:24,Test drive,No
1082,CV106095,2025-05-18 16:41:09,2025-05-18 18:39:09,Sug'urta,No
1083,RS082874,2025-05-17 16:08:13,2025-05-17 17:28:13,Texnik maslahat,No
1084,XD543350,2025-05-17 14:27:48,2025-05-17 14:53:48,Servis,Yes
1085,VL615351,2025-04-28 05:39:35,2025-04-28 07:17:35,Servis,No
1086,NV306156,2025-05-14 19:04:19,2025-05-14 20:44:19,Yangi mashina ko‘rish,Yes
1087,IQ549082,2025-05-09 03:07:41,2025-05-09 04:02:41,Yangi mashina ko‘rish,Yes
1088,TY985744,2025-04-28 10:21:57,2025-04-28 12:18:57,Sug'urta,Yes
1089,NE494349,2025-05-02 05:33:36,2025-05-02 07:16:36,Sug'urta,Yes
1090,WH420541,2025-05-23 10:59:07,2025-05-23 11:37:07,Texnik maslahat,Yes
1091,AY992652,2025-05-04 00:19:00,2025-05-04 01:47:00,Sug'urta,No
1092,AJ358081,2025-05-08 02:16:21,2025-05-08 02:52:21,Test drive,No
1093,GP892189,2025-04-26 19:20:34,2025-04-26 19:41:34,Servis,Yes
1094,EZ844890,2025-04-30 05:52:57,2025-04-30 06:01:57,Test drive,No
1095,EV937102,2025-05-14 20:17:00,2025-05-14 21:22:00,Sug'urta,No
1096,WU437083,2025-05-11 16:17:48,2025-05-11 17:18:48,Servis,Yes
1097,QH623917,2025-05-21 00:14:11,2025-05-21 01:35:11,Sug'urta,No
1098,RX406813,2025-05-08 20:57:20,2025-05-08 22:23:20,Texnik maslahat,No
1099,NT371860,2025-04-26 21:52:07,2025-04-26 22:41:07,Sug'urta,Yes
1100,WX286297,2025-05-05 13:25:15,2025-05-05 13:41:15,Sug'urta,No
1101,YI798873,2025-05-04 17:28:27,2025-05-04 18:25:27,Test drive,Yes
1102,ZT908911,2025-05-13 21:35:46,2025-05-13 21:41:46,Yangi mashina ko‘rish,Yes
1103,DJ436398,2025-04-28 08:54:14,2025-04-28 09:35:14,Sug'urta,Yes
1104,VX739254,2025-05-16 06:20:47,2025-05-16 07:27:47,Sug'urta,No
1105,MC059800,2025-05-02 13:48:24,2025-05-02 15:31:24,Sug'urta,No
1106,PU339919,2025-05-22 03:32:01,2025-05-22 04:06:01,Yangi mashina ko‘rish,No
1107,UG900972,2025-04-26 23:54:54,2025-04-27 00:51:54,Texnik maslahat,No
1108,KQ715722,2025-04-26 15:07:06,2025-04-26 15:43:06,Servis,No
1109,BQ901822,2025-05-22 20:40:37,2025-05-22 21:33:37,Servis,No
1110,HS145569,2025-05-11 13:11:30,2025-05-11 14:10:30,Servis,No
1111,NS621820,2025-05-08 12:01:16,2025-05-08 13:29:16,Texnik maslahat,No
1112,XD543350,2025-04-28 01:29:15,2025-04-28 01:58:15,Yangi mashina ko‘rish,Yes
1113,ZG655356,2025-05-12 02:52:35,2025-05-12 03:34:35,Yangi mashina ko‘rish,No
1114,DM091225,2025-05-16 19:05:10,2025-05-16 20:07:10,Test drive,No
1115,UG900972,2025-05-03 12:55:27,2025-05-03 13:41:27,Yangi mashina ko‘rish,Yes
1116,BG383782,2025-04-25 08:07:42,2025-04-25 09:20:42,Yangi mashina ko‘rish,Yes
1117,VH441566,2025-05-01 18:34:57,2025-05-01 18:52:57,Test drive,No
1118,VL615351,2025-04-30 09:39:29,2025-04-30 11:15:29,Sug'urta,Yes
1119,CO313678,2025-05-13 21:25:49,2025-05-13 21:41:49,Servis,Yes
1120,YJ496549,2025-04-25 10:38:08,2025-04-25 11:10:08,Test drive,No
1121,GF591075,2025-05-06 18:04:36,2025-05-06 19:49:36,Sug'urta,No
1122,VQ592754,2025-05-14 23:22:02,2025-05-15 00:56:02,Yangi mashina ko‘rish,No
1123,WG801319,2025-05-05 00:46:19,2025-05-05 02:38:19,Servis,Yes
1124,IS847907,2025-05-09 18:06:18,2025-05-09 19:50:18,Sug'urta,Yes
1125,WH928485,2025-04-30 19:09:07,2025-04-30 20:14:07,Servis,Yes
1126,LM743425,2025-04-27 11:40:29,2025-04-27 13:32:29,Test drive,No
1127,BQ901822,2025-05-03 11:14:33,2025-05-03 11:20:33,Yangi mashina ko‘rish,Yes
1128,EQ878819,2025-05-06 02:35:42,2025-05-06 04:18:42,Sug'urta,Yes
1129,QG503792,2025-05-15 06:08:03,2025-05-15 06:17:03,Servis,No
1130,JM123084,2025-05-16 16:47:24,2025-05-16 18:30:24,Yangi mashina ko‘rish,Yes
1131,WI977310,2025-05-02 10:07:04,2025-05-02 11:01:04,Test drive,No
1132,SQ802246,2025-05-19 02:10:31,2025-05-19 03:35:31,Yangi mashina ko‘rish,Yes
1133,PE691618,2025-05-08 23:35:00,2025-05-09 00:41:00,Test drive,Yes
1134,XD278835,2025-04-29 14:00:22,2025-04-29 15:58:22,Yangi mashina ko‘rish,Yes
1135,MT014386,2025-05-02 11:48:52,2025-05-02 12:07:52,Servis,No
1136,YF353060,2025-05-03 11:19:17,2025-05-03 11:25:17,Servis,No
1137,AH704928,2025-05-05 09:32:02,2025-05-05 09:52:02,Sug'urta,Yes
1138,MC059800,2025-05-14 20:02:23,2025-05-14 20:12:23,Texnik maslahat,No
1139,VX739254,2025-05-06 14:35:29,2025-05-06 15:56:29,Servis,No
1140,VX783034,2025-05-02 06:34:24,2025-05-02 06:50:24,Servis,Yes
1141,JB409360,2025-04-30 22:45:44,2025-04-30 23:01:44,Texnik maslahat,No
1142,US389180,2025-05-04 14:49:51,2025-05-04 16:31:51,Yangi mashina ko‘rish,Yes
1143,XR548802,2025-04-26 17:25:32,2025-04-26 18:52:32,Servis,Yes
1144,VL615351,2025-05-14 20:03:18,2025-05-14 21:10:18,Servis,No
1145,XS746147,2025-05-13 02:23:55,2025-05-13 04:08:55,Test drive,No
1146,YS254598,2025-05-09 11:25:04,2025-05-09 11:54:04,Yangi mashina ko‘rish,No
1147,UL371622,2025-04-28 11:20:11,2025-04-28 12:57:11,Servis,No
1148,VZ547995,2025-05-16 09:30:27,2025-05-16 09:40:27,Sug'urta,No
1149,LF497174,2025-05-23 21:13:13,2025-05-23 21:55:13,Texnik maslahat,No
1150,ZR148249,2025-05-20 15:11:42,2025-05-20 16:28:42,Servis,No
1151,BR224250,2025-05-02 18:22:52,2025-05-02 20:00:52,Sug'urta,No
1152,QU892549,2025-04-30 08:29:21,2025-04-30 10:20:21,Texnik maslahat,Yes
1153,KT465665,2025-04-26 09:49:49,2025-04-26 11:01:49,Servis,No
1154,CU712949,2025-05-20 08:55:51,2025-05-20 10:44:51,Test drive,No
1155,DC702714,2025-05-08 14:58:03,2025-05-08 15:03:03,Texnik maslahat,No
1156,YS254598,2025-05-05 12:29:56,2025-05-05 12:57:56,Yangi mashina ko‘rish,No
1157,IW553664,2025-05-19 01:36:12,2025-05-19 03:00:12,Servis,No
1158,UM553997,2025-05-11 04:22:13,2025-05-11 04:35:13,Texnik maslahat,No
1159,ZR148249,2025-04-28 23:03:05,2025-04-29 00:15:05,Sug'urta,Yes
1160,GT096157,2025-05-09 16:57:38,2025-05-09 17:38:38,Test drive,No
1161,DM053835,2025-05-22 17:33:52,2025-05-22 18:19:52,Yangi mashina ko‘rish,Yes
1162,UD277288,2025-05-08 16:41:31,2025-05-08 18:10:31,Yangi mashina ko‘rish,Yes
1163,SL713600,2025-04-25 00:29:58,2025-04-25 00:50:58,Servis,Yes
1164,LY095509,2025-04-26 12:09:31,2025-04-26 12:27:31,Sug'urta,Yes
1165,YK764743,2025-05-08 20:25:04,2025-05-08 20:34:04,Texnik maslahat,No
1166,EA879707,2025-04-26 21:23:02,2025-04-26 22:30:02,Texnik maslahat,No
1167,BG383782,2025-05-12 01:09:56,2025-05-12 02:00:56,Servis,Yes
1168,PO234137,2025-04-30 22:55:17,2025-04-30 23:26:17,Sug'urta,Yes
1169,CB803246,2025-05-20 21:23:40,2025-05-20 23:10:40,Yangi mashina ko‘rish,No
1170,XS746147,2025-05-02 13:15:48,2025-05-02 14:55:48,Sug'urta,No
1171,AF548109,2025-05-18 07:07:14,2025-05-18 08:42:14,Yangi mashina ko‘rish,No
1172,ZD494055,2025-05-04 14:06:13,2025-05-04 14:16:13,Yangi mashina ko‘rish,No
1173,RW791626,2025-05-07 08:11:09,2025-05-07 08:43:09,Texnik maslahat,Yes
1174,CM441400,2025-05-05 14:06:01,2025-05-05 15:43:01,Servis,No
1175,ZR148249,2025-05-23 20:33:45,2025-05-23 21:02:45,Texnik maslahat,Yes
1176,SQ747906,2025-05-06 16:36:55,2025-05-06 18:01:55,Servis,No
1177,RS082874,2025-05-16 02:36:13,2025-05-16 02:54:13,Texnik maslahat,No
1178,NJ915506,2025-05-15 07:59:54,2025-05-15 09:02:54,Sug'urta,Yes
1179,IQ549082,2025-05-05 06:07:17,2025-05-05 07:53:17,Servis,No
1180,TO049201,2025-05-08 09:05:25,2025-05-08 09:53:25,Servis,No
1181,IN845724,2025-05-09 10:48:38,2025-05-09 11:38:38,Test drive,No
1182,BN258407,2025-05-19 16:55:29,2025-05-19 17:47:29,Sug'urta,No
1183,BL709208,2025-05-09 15:32:33,2025-05-09 17:09:33,Test drive,Yes
1184,LG990818,2025-05-15 20:59:33,2025-05-15 22:13:33,Servis,No
1185,QB352172,2025-04-26 09:51:06,2025-04-26 11:06:06,Test drive,No
1186,CO908848,2025-05-04 18:38:54,2025-05-04 19:40:54,Sug'urta,No
1187,AW832772,2025-05-24 20:56:14,2025-05-24 22:33:14,Yangi mashina ko‘rish,No
1188,PU339919,2025-05-17 21:59:05,2025-05-17 22:06:05,Texnik maslahat,Yes
1189,LU145034,2025-05-19 05:39:32,2025-05-19 06:22:32,Yangi mashina ko‘rish,No
1190,XF390643,2025-05-24 15:27:43,2025-05-24 15:59:43,Test drive,Yes
1191,YT028371,2025-05-13 17:43:49,2025-05-13 19:33:49,Test drive,Yes
1192,LQ891341,2025-04-26 00:32:29,2025-04-26 00:41:29,Sug'urta,No
1193,DR438326,2025-05-23 04:15:30,2025-05-23 04:37:30,Test drive,No
1194,LU145034,2025-05-01 17:36:26,2025-05-01 18:55:26,Servis,Yes
1195,YO707286,2025-05-14 11:59:18,2025-05-14 13:47:18,Test drive,Yes
1196,FD524565,2025-05-11 14:07:05,2025-05-11 15:03:05,Texnik maslahat,Yes
1197,YS254598,2025-04-27 17:28:30,2025-04-27 17:42:30,Test drive,No
1198,RB777901,2025-05-04 04:03:24,2025-05-04 05:10:24,Texnik maslahat,Yes
1199,QK256519,2025-05-20 03:58:23,2025-05-20 05:25:23,Test drive,Yes
1200,TMP-20250524233058,2025-05-24 23:30:58,2025-05-24 23:30:58,Noma'lum,No
1201,TMP-20250524233135,2025-05-24 23:31:35,2025-05-24 23:31:35,Noma'lum,No
1202,TMP-20250524233205,2025-05-24 23:32:05,2025-05-24 23:32:05,Noma'lum,No
1203,TMP-20250524233209,2025-05-24 23:32:09,2025-05-24 23:32:09,Noma'lum,No
1204,TMP-20250524234227,2025-05-24 23:42:27,2025-05-24 23:42:27,Noma'lum,No
1205,TMP-20250525100459,2025-05-25 10:04:59,2025-05-25 10:04:59,Noma'lum,No
